;0
0;ğŸŒ¶ï¸Avez-vous dÃ©jÃ  testÃ© le PAPRIKA FUMÃ‰ ?ğŸŒ¶ï¸â£â €
1;â£â €
2;.â£â €
3;Essayez notre dÃ©licieux Paprika fumÃ© 100% BIO, irremplaÃ§able saveur que l'on retrouve dans la cuisine espagnole et idÃ©ale pour la cuisine veggie, Ã  laquelle il apportera un dÃ©licieux fumet qui rappelle celle de la viande rÃ´tie. Dans son tube poudreur trÃ¨s pratique le paprika fumÃ© deviendra l'alliÃ© de vos plats de tofu, seitan ou encore fricassÃ©es veggie ! Il accompagnera Ã©galement vos grillades et marinades avec entrain. Une Ã©pice incontournable Ã  adopter !â£â €
4;.â£â €
5;On le connait comme un Ã©lÃ©ment essentiel de la cuisine espagnole (chorizo, escabÃ¨che) pourtant cette Ã©pice est nÃ©e en AmÃ©rique Latine et fut introduite en Europe par les colons espagnols ! Notre paprika est fait Ã  partir de poivrons fumÃ©s au bois de chÃªne puis sÃ©chÃ©s et rÃ©duits en poudre par un moulin en pierre pour libÃ©rer toute leur saveur. â£â €
6;.â£â €
7;.â£â €
8;.â£â €
9;#aromandise#spice#paprika#smokedpaprika#healthyfood#healthy#vegan#veggie#naturopathie#lunch#instafood#vÃ©gÃ©tarien#vg#vegetal#vegetalien#glutenfree#sansgluten#lactosefree#organic#bio#whatveganeat#plantbased#bestofvegan#foodporn#feedfeedvegan#foodshare#food#healthyfoodshare#raw#recipe
10;Les actifs et les moins actifs, les jeunes et les moins jeunes, tous le monde aime la saveur du Boulgour Duru. 
11;Il est produit Ã  partir de blÃ© dur de qualitÃ© supÃ©rieure, une fois rÃ©coltÃ© il est nettoyÃ©, bouilli puis sÃ©chÃ©. 
12;Le Boulgour Duru est 100% naturel ğŸŒ¾ğŸ´ â—¾
13;
14;#recette #recettes #recettehealthy #recettesaine #recettefacile #recettedujour #recettessaines #recettevegetarienne #recettevegan #recetteautomne #recettena #recettethermomix #recettesimple #recetteindienne #recetterapide #recettededina #recetteptitchef #recettesante #recettedessert #recettedelasemaine #recettebebe #recettemarocaine #recetteminceur #recetteMS #recettemaison #recettebowlcake #recettepassionnementpistache #durupratik
15;Mes plants de tomates attendent impatiemment la fin des saints de glace ! Ã‡a tombe bien, câ€™est bientÃ´t. Vivement la pleine terre ! #tomate #potager #bio #pritemps #mai #saintsdeglace #mangersainement #mangermieux
16;Je prie pour ma rÃ©ussite et pouvoir rÃ©aliser mon rÃªves de voir le monde et vivre dans la simplicitÃ© â™¥ï¸ #photography
17;
18;#fit #fitness #fitgirl #fitnessgirl #motivation #orange #mangersainement #mangersain #manger #equilibrealimentaire #sport #lgbtq #arles #avignon #regimeuse #objectif #squat #southoffrance #nutrition #mangermieux #fitfrenchies #challenge #onlacherien#paysagemagnifique#monument
19;Ce soir Ã  20h00 confÃ©rence sur Â«Â tout dans les mains ğŸ–ğŸ–Â Â»
20;Pour Ã©valuer votre potentiel naturel et mieux comprendre les autres !!
21;.
22;A ce soir en direct sur YouTube : gwennoline TV
23;.
24;Je vous love ğŸ’¯ğŸ’“
25;.
26;#massage #minciravecplaisir#couple #amoureux #science #developpementpersonnel #lifstyle#bienmanger #science #sante#sanÃ©
27;#bienetre#mincir #detox #zen #attitude
28;#alimentationsaine#conscience#yoga #spiritualitÃ© #fitness#olympics #nutrition
29;#bienetre #bienmanger #rencontre #interview @bienetre_gwennoline_tv #sport #paix #joie #joiedevivre #ame
30;ğŸ”¥ #musculation #nike #mannequin #teamshape #southoffrance ğŸ”¥ğŸ”¥ğŸ’ª#workout #model #photooftheday ğŸ‘€#myprotein #fitness #fitnessboutique #ğŸ™ #discotheque #night #sportaddict #nba #addidas #dietetique ğŸ¤#crossfit #barrebrothers #puissance #airjordan #salledesport #motivation #determination #sport #streetworkout #passion #love #fitnessmotivation ğŸ˜ğŸ¤ª
31;SÃ©ance 2 semaine 4âœ” 
32;Parfaite sÃ©ance de hiit (faite hier en live) ğŸ’ªğŸ»
33;.
34;.
35;.
36; @truefitnessknowledge @thibault_geoffray @justinegallice
37;.
38;#repriseenmainÂ #mangermieux #mangersainement #mangerbon #mangersain #minciravecplaisir #nutrition #myfiitchallenge #reequilibragealimentaire #determination #plaisir #musculation #sport #running #reves #move #semaine9 #2k19 #fitness #fitnessgirl #fitfrench #fitchrenchies #fitlife #truefitnessknowledge #fitgirl #healthy #myfiitchallenge4
39;ğŸ•¤Collation time !
40;Sais tu que je mange 5 Ã  6 fois par jour â‰ï¸ Et oui car dans ton assiette ce n'est pas la quantitÃ© qui pose problÃ¨me mais la qualitÃ© !ğŸ‘Œ
41;Quand tu auras compris Ã§a, tu auras des rÃ©sultats ğŸ˜‰
42;.
43;.
44;.
45;
46;#teampbe #resultats #collationsaine #pertedepoids #ideerecette #fromageblanc0 #compote #muesli #bienmanger #gouter
47;DÃ© topper dit seizoen: rabarber. Mag het eens iets anders zijn dan rabarberconfituur? Probeer dit roze rabarbersoepje met vanilleyoghurt, munt en pistache eens uit. â£http://bit.ly/2ZKwceHâ£â €
48;â£â €
49;Le produit phare de la saison ? La rhubarbe. Et si pour une fois, on faisait autre chose que de la confiture ? Essayez donc cette soupe rose Ã  la rhubarbe, avec yaourt Ã  la vanille, menthe et pistache. â£http://bit.ly/2XWksUHâ£â €
50;â£â €
51;#rabarber #rhubarbe #recettes #mijnspar #monspar #sparcolruytgroupâ£â €
52;Et biiiiiing !
53;L'heure du bilan pour StÃ©phanie qui termine son rÃ©Ã©quilibrage alimentaire en dÃ©gageant 8,5 kg !!! Et 2 tailles de pantalon ! 
54;Bravo !!!!
55;StÃ©phanie a suivi un coaching Ã  distance depuis le sud de la France ! Nous nous Ã©tions vu en fÃ©vrier et chaque semaine nous nous sommes appelÃ© pour assurer le bon suivi !  Et voilÃ  championne tu peux Ãªtre fiÃ¨re de toi ğŸ‘Š
56;
57;#perdredupoids#recetteminceur#instaregime#recetterapide#reequilibrage#mangerbien#pertedepoids#rÃ©Ã©quilibragealimentaire#recettefacile#bienmanger#mangersainement#regimeuse#mangermieux#minciravecplaisir#newtritioncoach#lillemaville#basicfit#domyosclub#newtritioncoach
58;On continue vers l'objectif.
59;
60;#teamcats #teamshapeevolution #teamshape #instamoment #instachangement #instaregimeuse #regimeusemotivee #regimeuse #onlacherien #oncontinue #determination #motivation #objectif
61;Un petit post pour vous sur les bienfaits du jeÃ»ne et les changements physiologiques.  Il n'y a pas que l'apsect exterieur qui compte !!! Une voiture peut vous paraÃ®tre neuve mais si on n'entretien pas le moteur elle est moins performante et sujette a des pannes prenez soin de votre corps alimenter vous bien !!! #RAMADAN #jeÃ»ne#sport#fitness#coach##dietetique
62;
63;By COACHING_YE
64;Un ptit creux au travail ğŸ•“ğŸ’¼ğŸğŸ¥•ğŸğŸ¥’....un bon jus MinÃ©rajus et c'est reparti.... #minerajus #jusdetox #jusdefruit #jusdelegumes #jusfrais #jusvert #juspresse #juspresseafroid #coldpressed #coldpressedjuice #juicing #juicelover #mangersain #healthy #raw #vegan #crudivore #alimentationvivante #reequilibragealimentaire #regeneration #bio #organic #cinqfruitsetlegumesparjour #curedejus #curedetox
65;Qui se coltine les bagages? Câ€™est papouuu ğŸ˜˜
66;ğŸˆLUNCHğŸˆ
67;ğŸˆce midi c'est saladeuhhhhhhhhhhh pour faire venir le beau temps !!! Moustache valide la salade de riz au thon ğŸ‘Œ
68;ğŸˆdirection les courses puis sÃ©ance #myfiitchallenge4 ğŸ‘Š
69;ğŸˆ
70;#bonappÃ©tit #lunchboxideas #lunch #mealprep #demainnousappartient #dejeuner #timetoeat #saladecomposÃ©e #food #foodstagram #instafood #equilibrealimentaire #reequilibragealimentaire #eatclean #onariensansrien #onariensansrien #onmangeclean #moodoftheday
71;Mon assiette: on le dit souvent mais câ€™est tellement vrai! Câ€™est elle qui dÃ©termine mon niveau dâ€™Ã©nergie en prioritÃ© ğŸŒ¿
72;Jâ€™ai tellement plus dâ€™Ã©nergie et envie de bouger quand je mange bien ğŸ¥—
73;.
74;.
75;.
76;.
77;.
78;.
79; #blog #blogger #blogueuse #lifestyle #mompreneur #mamanblogueuse #mtlblog  #legumes #bienmanger #pertedepoids #reequilibrage #mangersainement #mangermieux #mangerequilibre #bienetre #energie #fairelepleindenergie #enforme #prendresoindesoi #drinkyourgreens #vert #healthyfood #superaliment #superaliments #alimentsain #alimentsbienetre #salade #salad &#pokebowl #bowl &#jus &#smoothie &#lunch &#dejeuner &#repassain
80;Chaque victoire sur toi-mÃªme amÃ¨nera une autre victoire puis une autre. Tu entreras bientÃ´t dans une belle spirale de rÃ©ussite  et de succÃ¨s et tout te semblera Ã  terme rÃ©alisable.â£â£
81;â£â£.â£â£
82;â£â£.â£â£
83;â£â£.â£â£
84;â£â£.â£â£
85;â£â£.â£â£
86;â£â£.â£â£
87;â£â£.â£â£
88;â£â£.â£â£
89;â£â£#regimeuse #regimeusemotivee #surpoids #pertedepoidssaine #reequilibragealimentaire #mincirsansregime #mincirsainement #recetteminceur #mincirfacilement #mincirnaturellement #motivation #crossfitmotivations #healthylife #mangersainement #mangerequilibrÃ© #mangersainement #repashealthy #repasequilibre #petitdejeunerhealthy #petitdejeunersain #coach #coachingtips #realisetavie #realisersesreves #realisetesreves
90;Nabil Hedjazi, directeur du Nouveau Centre Lâ€™Orange Bleue Mon Coach Wellness Ã  Lorient. 
91;#ouverture #nouveauclub #coaching #coachingsportif #sport #fitness #osteopathie #dietetique #nutrition #healthylifestyle #bienetre #wellness #wellnessfitness #lorient #lorientlabase #lorangebleuemoncoachwellness
92;Un regard vers l'extÃ©rieur ğŸ˜Š (On profite de nos nouvelles fenÃªtres ğŸ˜) Ã€ ma bouille, merci de m'apporter autant, de me challenger chaque jour pour rÃ©soudre les petits soucis quotidien, de m'offrir la chance de devenir chaque jour une meilleure version de moi mÃªme, pleine de bienveillance et de positif ğŸ˜
93;
94;Merci pour la joie et l'amour âœ¨ tout ce dont une maman a besoin pour se sentir vivante ! (Et merci au Lift boisson Ã©nergisante pour les jours oÃ¹ tu es Ã  100 000 volts ğŸ˜˜) #coachyourbody #health #healthy #healthyfood #healthylife #goodday #bonnehumeur #feelgood #mangermieux #mangerbien #bienmanger #mangerequilibre #goodfood #nutrition #mangersain #fitnessgirl #positivibes #avance #mangermieuxbougerplus #mangersainement #detox #sesentirmieux #sesentirbien #jemesensbien #photographie #maman #merefille #lift
95;Le calme avant la tempÃªte ğŸŒ©
96;Venez profiter de notre grande surface de travail ğŸ’ª
97;.
98;.
99;âœ³ï¸ Toutes les informations sont sur notre site internet www.california-fitness.fr
100;
101;#valdereuil #rouen #musculation #fitness #training #workout #sport #bienetre #bienmanger #motivation #salledesport
102;#Recettes ! ğŸ½
103;Faites vous plaisir avec ce gÃ¢teau marbrÃ© chocolat-poire spÃ©cial #rÃ©gimedukan. Ne culpabilisez plus Ã  l'heure du goÃ»ter ! ğŸ˜‹
104;
105;Retrouvez toutes nos recettes healthy sur le forum de notre site internet. -----------------------
106;ğŸ‡¬ğŸ‡§ #Recipe ğŸ½
107;Indulge yourself with this special #regiomedukan chocolate-pear marble cake. Donâ€™t feel guilty about snacking ! ğŸ˜‹
108;
109;Find all our healthy recipes on the forum of our website.
110;.
111;.
112;.
113;#regimedukan #dukan #dukandiet #diet #detox #regime #regimeuse#regimeusemotivee #healthylife #lifestyle #mincir #minceur#gourmandise #healthyfood #food #recettesaine #recette#healthyrecipes #recipes #viesaine #mangermieux #mangersain#bodypositive #avantapres #beforeafter #weightloss
114;Never back down
115;
116;#objectifs #muscu #minciravecplaisir #kilosentrop #salledesport #mangersainement #mangermieux #alimentationsaine #reequilibragealimentaire #preparationbikini #mincirendouceur #resolutions2019 #muscu #fitnessgirl #motiveecommejamais #sechemusculaire #enseche #programmemusculation #programmesportif #changement #avantaprÃ¨s #cestdanslatete #montpellier #nimes
117;Le temps me dÃ©prime complÃ¨tement ğŸ˜³ !! Hier jâ€™ai fait une sÃ©ance de frac long avec les copains du club ğŸ˜ 3x1500m Ã  allure semi. Mes jambes sont au rendez-vous, pas de bobo post marathon. Je vais reprendre les entraÃ®nements tout doux et commencer un nouveau plan pour un nouvel objectif qui aura lieu cet Ã©tÃ© ğŸ™ˆ. Bonne fin de jeudi IG ğŸ’‹#marathondenantes2019 #ucscosne#marathonnantes #marathon training #garmin #garminforerunner235 #mangerequilibre #staystrong #parismarathongirls #instafun #Nikerunning #nike #nikeplus #nrc #instarun #instarunners #instarunning #instarunfrance #runninggirl #runningaddict #run #running #athletisme #courseapied #club #marathon #nevergiveup #larondecosnoise #ucsathlÃ©tisme #runningpourtous
118;ğŸŒ¸ Une aprÃ¨s-midi tranquille ğŸŒ¸
119;.
120;.
121;.
122;.
123;.
124;#regime #myfitnesspal #instagram #instaregimeuse #pertedepoids #maigrir #instaregime #instadiet #topbodychallenge #topbodychallengeuse #tbc #cook #cooking #cuisine #instafood #fitnessgirl #fitgirl #miam #yum #yummy #2019nonauxkilos #kilo
125;LÃ©gumes les plus caloriques comparÃ© Ã  lâ€™avocat ğŸ¥‘
126;-
127;MÃªme ces champions de la calorie, mÃªme lâ€™avocat, ne sont pas si caloriques que Ã§a ğŸ¤·ğŸ»â€â™‚ï¸
128;-
129;Il serait dommage de sâ€™en privÃ©:
130;ğŸ‘‰ğŸ»Ils sont gorgÃ©s dâ€™eau ğŸ’§
131;ğŸ‘‰ğŸ»Alcalinisent le corps ğŸ§˜ğŸ»â€â™‚ï¸
132;ğŸ‘‰ğŸ»Contiennent des vitamines uniques ğŸ’«
133;-
134;â€¢Potassium (Ã©quilibre cellulaire)
135;â€¢ManganÃ¨se (essentiel Ã  la synthÃ¨se)
136;â€¢Tension (pression artÃ©rielle)
137;â€¢Cuivre (bon pour les os, peau, cheveux)
138;â€¢Fer (transporte lâ€™oxygÃ¨ne)
139;â€¢Antioxydants (lutte contre la vieillesse)
140;â€¢ProtÃ©ines (principale structure cellulaire)
141;â€¢Vitamine K (anti-cancer)
142;â€¢BÃªta-CarotÃ¨ne (vitamine des tissus)
143;â€¢Vitamines B (production dâ€™Ã©nergie)
144;-
145;Jâ€™ai Ã©tÃ© surpris de leur teneur en sucre ğŸ§ Pas toi? ğŸ˜
146;-
147;ğŸ—£Je tâ€™invite Ã  partager, commenter et Ã  suivre ma page @marcoliveggie âœ… pour manger sainement, durable et tâ€™inspirer dâ€™idÃ©es recettes vÃ©gÃ©tales ğŸŒ±
148;-
149;Source ğŸ’» Ciqual.anses.fr
150;Ø¯Ø¨Ø§Ø±Ø© Ø§Ù„ÙŠÙˆÙ… Ù…Ù† Ù…Ø·Ø¨Ø® ØªÙˆÙ†Ø³ÙŠØ© Ø­Ø±Ø© Ù„Ø±Ø§Ø¨Ø¹ ÙŠÙˆÙ… Ù…Ù† Ø±Ù…Ø¶Ø§Ù† ğŸ˜ Ø¥Ù† Ø´Ø§Ø¡ Ø§Ù„Ù„Ù‡ ØªØ¹Ø¬Ø¨ÙƒÙ…
151;Ø§Ù„ÙˆØµÙØ© ÙÙŠ Ø§Ù„Ø±Ø§Ø¨Ø· Ø§Ù„ØªØ§Ù„ÙŠ
152;ğŸ‘‡
153;
154;https://youtu.be/3DskShZunaQ
155;
156;Ù„Ù„Ø­ØµÙˆÙ„ Ø¹Ù„Ù‰ Ø§Ù„Ù…Ø²ÙŠØ¯ Ù…Ù† Ø§Ù„ÙˆØµÙØ§Øª Ø§Ù„Ø±Ø¬Ø§Ø¡ Ø§Ù„Ø§Ø´ØªØ±Ø§Ùƒ ÙÙŠ Ù‚Ù†Ø§ØªÙŠ Ø¹Ù„Ù‰ Ø§Ù„ÙŠÙˆØªÙŠÙˆØ¨ ÙˆØªÙØ¹ÙŠÙ„ Ø¬Ø±Ø³ Ø§Ù„Ø¥Ø´Ø¹Ø§Ø±Ø§Øª 
157;#Ù…Ø·Ø¨Ø®_ØªÙˆÙ†Ø³ÙŠØ©_Ø­Ø±Ø© #recette #Ramadan #menu #tableramadan #sofra #iftar #koujina #cuisine #idÃ©e #recettedujour #recipes  #homemade  #platdujour #Cooking #RecipeOfTheDay #Ø³ÙØ±Ø©_Ø±Ù…Ø¶Ø§Ù† #Ø±Ù…Ø¶Ø§Ù† #Ø´Ù‡ÙŠÙˆØ§Øª_Ø±Ù…Ø¶Ø§Ù† #Ù…Ø·Ø¨Ø®_ØªÙˆÙ†Ø³ÙŠ #Ø·Ø§ÙˆÙ„Ø©_Ø±Ù…Ø¶Ø§Ù†ÙŠØ© #Ø¯Ø¨Ø§Ø±Ø©Ù€Ø§Ù„ÙŠÙˆÙ… #instagood #instafood #instaphoto #instarecipe
158;ğŸâš˜offre  spÃ©ciale FETE DES MÃˆRES â¤ pensez Ã  chouchouter vos mamans !!!
159;Ou Ã  vous chouchouter â¤ ğŸ’¥ PROMO - 25 %ğŸ’¥ Collection ID Morning + ğŸ trousse de toilette â¤
160;
161;Une super gamme de soins pour la peau ğŸŒ¿Le systÃ¨me ID: un gel oxygÃ©nation vegetal et une crÃ¨me protectrice antipollution ğŸŒ¿Nettoyant: formulÃ© Ã  partir de plantes championnes en matiÃ¨re d'hydratation de la peau ğŸŒ¿Exfoliant: composÃ© d'un mÃ©lange unique de graines naturelles de bambou, de jojoba et de figue de barbarie, ce clarifiant traitÃ©, tonifie, resserre les pores, redonne de l'Ã©clat au teint et rajeunit la peau ğŸŒ¿Lotion de jour: bien + qu'une crÃ¨me hydratante, notre formule une protection quotidienne contre le soleil, une crÃ¨me revitalisant anti-age et un soin hydratant tout-en-un
162;.
163;#maman#fetedesmeres#fetedesmamans#ciaokilo#lifestyle#famille#modere#bienetre#mangersain#poids#soin#viesaine#reequilibragealimentaire#mincir#modedevie#produitnaturel#ventreplat#cellulite#vivresain#regime#soinnaturel#perdredupoids#pertedepoids#instagood#naturel#detox#naturel
164;Never back down
165;
166;#objectifs #muscu #minciravecplaisir #kilosentrop #salledesport #mangersainement #mangermieux #alimentationsaine #reequilibragealimentaire #preparationbikini #mincirendouceur #resolutions2019 #muscu #fitnessgirl #motiveecommejamais #sechemusculaire #enseche #programmemusculation #programmesportif #changement #avantaprÃ¨s #cestdanslatete #montpellier #nimes
167;Petit aide pour remplacer quelques aliments un peu riche par des aliments mieux pour le corps
168;De retour de la salle : j'ai tout donnÃ© ! ğŸ’ª Se dÃ©passer, se sentir fiÃ¨re, forte et capable, des sentiments qui poussent ma motivation et mon bonheur Ã  leur maximum ! ğŸ’¥
169;â­ï¸â­ï¸â­ï¸â­ï¸â­ï¸Comment perdre du poids sans se priver? ğŸ˜
170;ğŸ‘Une citation de motivation chaque jour pour vous aider
171;lien en bio
172;
173;#minceur #objectifminceur #recetteminceur #minceurattitude #luniversminceur #minceurpower
174;#coachminceurbienetre #capminceur #pauseminceur #thÃ©minceur #boxminceur #minceurmotivation
175;#instaminceur #monprogrammeminceur #soinminceur #detoxminceur #hypnosepourmaigrir
176;#instaminceur #minceursaine #minceursainement #cureminceur #hypnoseminceur
177;#aurevoirleskilosÂ #maigrir #motivation #hypnotherapieÂ #leskilosentrop
178;ğŸ‰PORTES OUVERTESğŸ‰
179;ğŸ—“du 20 au 26 mai inclus
180;
181;Profitez de 7 jours non-stop GRATUITS pour dÃ©couvrir notre club de sport et de bien-ÃªtreğŸ¤—
182;Venez entre le 20 et le 26, Ã  partir de votre 1er passage vous aurez accÃ¨s Ã  toutes les activitÃ©s de notre club pendant 7jours consÃ©cutifs (ex: si vous venez le dimanche 26, vous aurez accÃ¨s au club jusqu'au samedi 01 juin)
183;
184;DÃ©couvrez nos diffÃ©rentes activitÃ©s:
185;ğŸ”¸ï¸Cours aquatiques
186;ğŸ”¸ï¸Cours terrestres
187;ğŸ”¸ï¸Plateau cardio/ muscu derniÃ¨re gÃ©nÃ©ration
188;ğŸ”¸ï¸Saunas & Hammams (non mixte)
189;ğŸ”¸ï¸Salle de repos
190;ğŸ”¸ï¸Piscine balnÃ©o (avec jets massants)
191;ğŸ”¸ï¸Bar Ã  Jus et ProtÃ©ines
192;
193;Parlez-en Ã  votre entourage et venez avec vos amisğŸ˜
194;- - - - - - - - - - - - - - - - - - - - - - - - - - - - - - - - - - -
195;#portesouvertes #fitnwellÂ #strasbourg #strasbourgmonamour #igerstrasbourg #bienetre  #courscollectifs #lesmills #igersstrasbourg #fitness #musculation #sport #illkirch #running #bike #teamshape #fitfrenchies #fitfrench #bikini #fitnessmodel #instaregimeuse #fitnessaddict #zen #relax #piscine
196;ÃŠtes-vous satisfait(e) de votre vie ?ğŸ¤â €
197;â €
198;Cette question je me la suis posÃ©e souvent, trop souvent, et heureusement, je me la pose de moins en moins. â €
199;â €
200;On fait presque tous des projections, sur ce qu'on devrait accomplir dans le futur, nourrissant notre idÃ©al de vie... â €
201;â €
202;Oui, mais ! La vie en dÃ©cide parfois autrement, ma vie Ã  moi ne ressemble aucunement Ã  celle que j'avais imaginÃ©e. â €
203;â €
204;â €
205;"AprÃ¨s 5 longues annÃ©es d'Ã©tudes et mon Master en poche, je m'imaginais avec un ""bon"" travail de cadre (que l'on ne remet pas en question), exerÃ§ant plutÃ´t Ã  l'Ã©tranger et voyageant dÃ¨s que j'en aurais l'occasion.... Aujourd'hui, Ã  31 ans, ma vie ressemble plutÃ´t Ã  Ã§a : Maman pro parentalitÃ© positive d'une adorable puce de 2 ans qui me demande beaucoup de temps, Deuil d'une vie de salariÃ©e bien rangÃ©e, mise Ã  mon compte pour partager plus de moments avec ma fille...et prise de conscience que ma vie pro ne me correspond plus ğŸ˜ Et pour la premiÃ¨re fois, je ne me remets pas en question sur ce que je dois faire, sur ma mission de vie, je veux faire ce qui me ressemble, pouvoir transmettre ce que j'aime, mÃªme si Ã§a met un peu de temps. â €"
206;â €
207;L'alimentation nourrit la vie, et parce qu'elle est une base essentielle Ã  notre mieux-Ãªtre, je nourris aujourd'hui le doux rÃªve d'accompagner d'autres personnes Ã  re-dÃ©couvrir leur faÃ§on de s'alimenter, Ã  se faire plaisir tout en prÃ©servant leur santÃ©.â €
208;â €
209;De la vie, nous expÃ©rimentons, et de ces expÃ©riences (bonnes et parfois moins bonnes) nous tirons des enseignements prÃ©cieux, que nous devons respecter et honorer. La vie est lÃ , vivons-lÃ  Ã  l'instant prÃ©sent !ğŸ¤²â €
210;â €
211;#vieheureuse #etresoi #oseretresoi #vivreautrement #entreprendre #entrepreneure #amourdesoi #montpellier #mamanepanouie #developpementpersonnel #viesaine #healthylife #consciencedesoi #saimer #cuisinesaine #mangerbien #mangermieux #vivredesapassion â €
212;â €
213;Les #squats, indispensables pour Ã©liminer la #cellulite sur les #fesses
214;
215;Câ€™est lâ€™exercice le plus rÃ©alisÃ© par les fans de #fitness. 
216;Et pour cause : il est redoutablement efficace pour Ã©liminer la cellulite sur les fesses ! 
217;Ã‰cartez les jambes de la largeur des hanches et flÃ©chissez les genoux, le tout en tirant vos fesses vers lâ€™arriÃ¨re lors de la descente. 
218;Le principe : descendre doucement et remonter plus vite. 
219;Ne creusez pas le dos et gardez votre poids sur les talons ! 
220;Variantes : nâ€™hÃ©sitez pas Ã  porter un poids dans vos mains, ou Ã  sauter en lâ€™air entre chaque squat.
221;
222;Plus d'informations en mp avec votre conseiller: - pour lutter contre la cellulite, - conseils et #recettes alimentaires #anticellulite,
223;- #exercices #fesses, #bras, etc.
224;Balade au Mont Saint-Michel aujourd'hui ğŸš¶â€â™€ï¸ #garmin #vivosport #garminvivosport #reequilibragealimentaire #weightloss #perdredupoids #pertedepoids #motivation #healthy  #healthylifestyle #weight #weightloss #lifestyle #bienetre #sante #weightloss #sport #marche #strava #kalenji
225;Never back down
226;
227;#objectifs #muscu #minciravecplaisir #kilosentrop #salledesport #mangersainement #mangermieux #alimentationsaine #reequilibragealimentaire #preparationbikini #mincirendouceur #resolutions2019 #muscu #fitnessgirl #motiveecommejamais #sechemusculaire #enseche #programmemusculation #programmesportif #changement #avantaprÃ¨s #cestdanslatete #montpellier #nimes
228;Un temps pour moi, virÃ©e shopping solo balade et dÃ©jeuner en terrasse sous un beau ciel bleu ğŸ˜
229;ğŸŒ¿
230;Parce que Ã§a fait du bien d'Ãªtre seule de temps en temps, non ?
231;ğŸŒ¿
232;Au menu sandwich sÃ©same camembert ğŸ˜„, formage blanc granola fraise rhubarbe et eau pÃ©tillante ğŸ™ƒ
233;ğŸ’‹ğŸ’‹
234;#dejeuner #repashealthy #petitdejeuner #detox #mamanprendsoindelle #mamandebordee #fitmotivation #fitmum #healthymom #fitgoals #healthyfood #healthy #food #alimentationsaine #mincirensemble #mincir #feelbeautiful #reequilibragealimentaire #gourmandise #lifestyle #detente #lovelife
235;C'est la course pour mes projets d'avenir mais la perte de poids est toujours au beau fixe ğŸ˜ğŸ‹ï¸
236;.
237;
238;lostweight #staystrong #bodypositive #loveyourself #regimeuse #instaregimeuse #fight #motivation #fitness #fitnessgirl #pertedepoids #avantaprÃ¨s #beforeafter #beforeandafter #beforeandafterweightloss #onlacherien #instadiet #healthy #eatclean #mangerequilibre #mangersain #fitgirl #healthyfood #maigrir #mincir #perdredupoids #2019nonauxkilos #kilosentrop #myfitnesspal #topbodychallenge
239;âœ¨Sportâœ¨
240;
241;On lÃ¢che rien ğŸ’ª
242;
243;PersÃ©vÃ©rance mental ğŸ‘
244;
245;#reequilibragealimentaire
246;#healthyfood
247;#mangermieux
248;#bienmanger
249;#bougerplus
250;#pertedepoids
251;#nopainnogain
252;#fiertÃ©
253;#sportensalle #orangebleuvaldereuil 
254;#kgentrop
255;#ensembleonestplusfortes
256;#combatcontreleskilos
257;#onlacherien
258;Waouh Anne-Sophie a perdu 27 kg ! Bravo Ã  elle ğŸ‘
259;
260;#reequilibragealimentaire #minciravecplaisir #noauxkilos #regimeusemotivee #croqueuse #instadiet #instaregime #diet #croqkilos #croqbody #mincir #maigrir #dietetique #perdredupoids #kilos #teamcroqkilos #pertedepoids #avantapres #regimeuse #minceur
261;Aujourdâ€™hui câ€™est rÃ©vision du module 5 de biochimie ! ğŸ˜‰ ! #bts #btsdiet #btsdietetique #cned #btsdietcned #amour #love #etude #smile #diet #dieteticienne #dietetique #nourriture #food #mangersainement #mangermieux #mangerequilibre #mangersain #manger #pancakes #lyon #cned #l4l
262;Le meilleur moment de lâ€™entraÃ®nement... les Ã©tirements, la douche et le rebuildstrenght ğŸ˜±
263;.
264;.
265;.
266;.
267;.
268;#sport #sportmotivation #sportswear #sports #fitness #minciravecplaisir #mincir #mincirensemble #nutrition #nutritionsportive #minciravecplaisir #nutritioncoach #succesangels #postworkout
269;Changement de dÃ©cor cet aprÃ¨s-midi... http://mygoodconcept.com/myweb/vipfreelife
270;#golf #rouen #vivreautrement #entreprendre #entrepreneur #modeleeconomique #nouveau #digital #reequilibragealimentaire #travailadomicile #travaillerautrement
271;https://www.youtube.com/watch?v=A0BaTSitrmw
272;
273;Lancement de ma chaÃ®ne YouTube pour une information objective, critique et indÃ©pendante dans le domaine de la nutrition, de l'alimentation et de la diÃ©tÃ©tique. 
274;J'espÃ¨re de tout coeur que je serai Ã  la hauteur des ambitions que je me suis fixÃ© et de vos attentes. 
275;Rendez-vous le 13 mai pour la premiÃ¨re interview de la chaÃ®ne avec le Dr Anthony Fardet consacrÃ©e Ã  dÃ©finir les sciences alimentaires et nutritionnelles, leurs objectifs et leurs mÃ©thodes.
276;
277;#likemyjob #defi #youtube #nutrition #dietetique #alimentation #science #chercheurs #research #espritcritique #freelance #redacteur #journalistescientifique #vulgarisation
278;COMMENT BIEN RÃ‰CUPÃ‰RER APRÃˆS UN ENTRAÃNEMENT DE MUSCULATION ?
279;
280;La rÃ©cupÃ©ration est un paramÃ¨tre essentiel en musculation. En effet, les lÃ©sions causÃ©es aux muscles durant les exercices doivent Ãªtre â€œrÃ©parÃ©esâ€, et mÃªme renforcÃ©e pour supporter le mÃªme effort lors du prochain entraÃ®nement. La rÃ©cupÃ©ration est Ã©galement bÃ©nÃ©fique pour le systÃ¨me nerveux, le systÃ¨me hormonal et les articulations. Une mauvaise rÃ©cupÃ©ration augmente le risque de blessures et nâ€™est pas favorable Ã  la prise de muscles.
281;
282;Le besoin de rÃ©cupÃ©ration dÃ©pend de lâ€™intensitÃ© de la sÃ©ance effectuÃ©e et du muscle travaillÃ©. Cependant, pour sâ€™assurer de bien rÃ©cupÃ©rer, il faut :
283;
284;BIEN DORMIR. Le sommeil est un facteur essentiel pour la rÃ©cupÃ©ration, il faut alors sâ€™assurer de dormir suffisamment.
285;
286;REFAIRE UN STOCK Dâ€™Ã‰NERGIE en consommant des glucides afin que les muscles refassent leur stock de glycogÃ¨ne. Ne zappez donc pas les glucides !
287;
288;BIEN MANGER. Jâ€™entend par lÃ  des repas Ã©quilibrÃ© apportant toutes les vitamines et minÃ©raux dont votre corps a besoin. La consommation de protÃ©ines aidera Ã©galement Ã  rÃ©parer les micro-traumatismes causÃ©s par l'entraÃ®nement.
289;
290;EFFECTUER LA RÃ‰CUPÃ‰RATION ACTIVE avec un cardio lÃ©ger par exemple. Ceci va favoriser l'irrigation des muscles et vous Ã©vitera les courbatures.
291;
292;Sâ€™Ã‰TIRER. Les Ã©tirements favorisent Ã©galement la circulation sanguine et donc l'irrigation des muscles. Cela vous Ã©vite donc aussi les courbatures.
293;
294;VoilÃ , jâ€™espÃ¨re que ce post vous aura Ã©clairÃ© ! Dites moi en commentaire si vous appliquez tous ces points, ou si vous avez dâ€™autres astuces -
295;-
296;#regime #renforcementmusculaire #musculationfemme #poids #physique #glutegains #nonauxkilos #mangermieux #bodyposotive #fitfrance #kilosentrop #regimeuse #seche #gymshark #equilibrealimentaire #reequilibragealimentaire #repashealthy
297;Repas de ce midi 
298;Riz basmati intÃ©gral avec des petits pois , des cornichons , du thon et un peu de ketchup.
299;#mangersainement
300;Petite presentation! Qui netait pas encore arrivÃ©e !
301;.
302;Ce compte dans la simplicitÃ©, pour Ã©changer et s'Ã©pauler. Je suis a moins 13 kilos! Au dÃ©part j'avais dit moins 15 j'arrÃªte. Mais dans le move je me dis que-8 ou-10 sont envisageables ! J'adore la course a pied et moins je pÃ¨se plus j'apprÃ©cie !
303;Prochain objectif semi, puis marathon !
304;Je fais 3 entraÃ®nements de sport(s) par semaine. Et je compte mes calories avec l'application yazio. 1800 cal quotidiennes mais je suis tres vigilante Ã©galement avec les macros !
305;.
306;Bienvenue !
307;.
308;#avantapres #poids #regimeuse #regimeusemotivee #maigrirensemble #mangersainement #minciravecplaisir #reequilibragealimentaire #eatclean #weightloss #weight #fit #sport #run #runneuse #healthy #repriseenmain #fitchallenge
309;BROWNIE BÃ˜WL PROTEINÃ‰ ğŸš.
310;.
311;AprÃ¨s une belle journÃ©e au labo hier, ce matin je ne rÃªvais que d'une seule chose !! D'un super porridge !
312;Alors ce matin, j'ai prÃ©parÃ© mon porridge faÃ§on Brownie au four mais avec une petite touche proteinÃ©e et naturelle en plus. Il s'agit de ma prÃ©paration pour porridge Brownie que vous pouvez ensuite cuire de plusieurs maniÃ¨res = traditionnelle Ã  la casserole (voir story Ã  la une), express, overnight et au four. J'y ai simplement ajoutÃ© de la farine de pois chiche en plus et croyez moi, le goÃ»t est imperceptible ğŸ˜
313;.
314;Pour rÃ©aliser ce porridge =
315;â¡ 1 portion de ma prÃ©paration pour porridge Brownie. En fonction de votre faim (et de vos besoins Ã©nergÃ©tiques ğŸ˜‰) cela peut varier entre 40 et 50g soit entre 3 Ã  5 cs (1cs= environ 10 Ã  12g). â¡ 1 cs de farine de pois chiche. J'ai utilisÃ© celle de chez @nu3_fr qui est bio. Vous pouvez Ã©galement la remplacer par des pois chiche Ã©crasÃ© en purÃ©e.
316;â¡ 1 cc de levure.
317;â¡ 1 cc de sucrant en plus si besoin.
318;â¡ 1/2 banane Ã©crasÃ©e en purÃ©e (ou 2cs de puree de pomme si vous n'aimez pas la banane).
319;â¡ 70 Ã  80ml de lait vÃ©gÃ©tal. (Ã  adapter en fonction de la taille de votre portion de porridge).
320;.
321;PrÃ©chauffer le four Ã  180C. Dans un bol, Ã‰craser grossiÃ¨rement la banane avec une fourchette. Ajouter le lait et bien mÃ©langer.
322;Dans un ramequin pour le four. Verser les ingrÃ©dients secs puis ajouter les ingrÃ©dients humides. Bien mÃ©langer jusqu'Ã  obtenir une pÃ¢te homogÃ¨ne. Ajuster le sucrant selon vos goÃ»ts (je sucre peu mes prÃ©parations en gÃ©nÃ©ral ğŸ˜‰).
323;Enfourner entre 15 Ã  20min. 15min = texture trÃ¨s fondante, 20min=pmus cuite proche d'un cake.
324;.
325;Op ! Je suis passÃ© sous la douche pendant la cuisson et le timing Ã©tait parfait ğŸ‘Œ. Vous pouvez Ã©galement le rÃ©aliser la veille et conserver 3 jours au frais ensuite.
326;Mes prÃ©parations seront disponibles pendant la @veggieworldfrance de Paris et ensuite de retour en stock sur la boutique en ligne porridgelab.com ğŸ˜.
327;.
328;En attendant aujourd'hui c'est scellage de 300 paquets de granola ğŸ˜± oui oui ğŸ˜ et Ã©tiquetage porridge. Belle journÃ©e Ã  tous.
329;.
330;#porridgelabbowl . . #porridge #oatmeal
331;#proteine #brownie #porridgeaufour #bakedoat #faitmaison #avoine
332;#healthy
333;ğ ğ‘ ğ„ ğ€ ğŠ ______________________________________________________________
334;ğˆ ğ§ğğğ ğ®ğ§ğ ğ©ğšğ®ğ¬ğ hahağŸ˜‚
335;ThÃ© ğŸµ fruits rouges ğŸ“ğŸ’ et Ã§a repart!
336;______________________________________________________________
337;ğŸŒ¸ Je crois que câ€™est aprÃ¨s tout, ah oui les abonnements sont mutuels, tu tâ€™abonnes, je mâ€™abonneğŸ‘ŒğŸ½
338;_____________________________________________________________  #ww #wwfr #weightwatchersfrance #weightwatchers #weightlosstransformation #rÃ©gime #rÃ©gimeuse #requilibragealimentaire #remiseenforme #instaregime #instaregimeuse #determination #motivation #pertedepoids #weight #fitgirl #results #cleaneating #running #regimeuse #body #workhard #instadiet #fitgirls #fruit #mangermieux #manger #alimentation #foodstagram #bienmanger
339;Perdre son ventre : mode dâ€™emploi by @supertrainers
340;salut les athlÃ¨tes .
341;J-10  n oubliÃ© pas de reserver votre place pour le boot camp qui se tiendra le 19 mai sur la plage du grand travers et tout ca dans la bonne humeur. On compte sur vous .
342;En fin de session pour ceux qui le souhaite, ptit pique nique sur la plage , cahncun apporte un ptit truc
343;. ğŸ”¹ï¸ âš ï¸ attention place limitÃ© ğŸ”¹ï¸ Reservation â¬‡ï¸ : .
344; https://ypl.me/aO2
345;.
346;Ouvert Ã  tous ğŸ™‚, partagez un max ğŸ”¥ğŸ’¥ Reseignement : en MP 
347;hbx team st jean de vedas
348;bastien , Axel , sebastien
349;
350;#basicfitfr #basicfitfrance #basicfitmontpellier #bootcamp #montpellier #fitness#neverstoplearning #basicfit  #coach #coaching #entraÃ®neur #suiviadistance #personaltrainer #coachingmontpellier #montpellier #coachmontpellier #fitgirl #motivation #prisedemasse #pertedepoids
351;#bodygoal #aesthetic #fitcouple #frenchgirl #coaching #workout #fitnessaddict #diet #pertedepoids #teamshape
352;#dietetique #trainingplan #dietplan
353;Ø¹Ø¬ÙŠÙ†Ø© Ù…Ù…Ù„Ø­Ø§Øª Ø³Ù‡Ù„Ø©
354;Ø§Ù„Ù…Ù‚Ø§Ø¯ÙŠØ± :
355;500 ØºØ±Ø§Ù… Ø¯Ù‚ÙŠÙ‚ Ø§Ø¨ÙŠØ¶
356;Ù‚Ø¨ØµØ© Ù…Ù„Ø­
357;Ø§Ø¨ÙŠØ¶ Ø¨ÙŠØ¶Ø©
358;Ù…Ù„Ø¹Ù‚Ø© ÙƒØ¨ÙŠØ±Ø© Ø®Ù…ÙŠØ±Ø© Ù…Ø¹Ø¬ÙˆÙ†Ø©
359;Ù…Ù„Ø¹Ù‚Ø© ÙƒØ¨ÙŠØ±Ø© Ø³ÙƒØ± Ø®Ø´Ù†
360;3 Ù…Ø§Ø§Ø¹Ù‚ ÙƒØ¨ÙŠØ±Ø© Ø²ÙŠØª Ø§Ù„Ø²ÙŠØªÙˆÙ†
361;Ø­Ù„ÙŠØ¨ Ø¹Ø§Ø¯ÙŠ Ù„Ø¬Ù…Ø¹ Ø§Ù„Ø¹Ø¬ÙŠÙ†
362;Ù†Ø¬Ù…Ø¹ Ø§Ù„Ø¹Ø¬ÙŠÙ† Ø¨Ø¯ÙˆÙ† Ø¯Ù„ÙƒÙ‡ 
363;Ø¨Ø¹Ø¯ Ø¬Ù…Ø¹Ù‡ Ù†ØºØ·ÙŠÙ‡ Ùˆ Ù†ØªØ±ÙƒÙ‡ ÙŠØ±ØªØ§Ø­ Ø¬ÙŠØ¯Ø§
364;Ø¨Ø¹Ø¯ Ø¯Ù„Ùƒ Ù†Ø³Ø±Ø­Ù‡ Ùˆ Ù†Ù‚Ø·Ø¹Ù‡ Ù…Ø±Ø¨Ø¹Ø§Øª Ù†Ø¶Ø¹ Ø§Ù„Ø­Ø´ÙˆØ© ÙƒÙ…Ø§ ÙÙŠ Ø§Ù„ØµÙˆØ±Ø© Ùˆ Ù†Ø¹Ù„Ù‚Ù‡Ø§ Ø¨Ø§Ù„Ø²ÙŠØªÙˆÙ† Ø§Ù„Ø£Ø³ÙˆØ¯ Ùˆ Ù†Ø¯Ø®Ù„Ù‡Ø§ Ø§Ù„ÙØ±Ù†
365;
366;#Ø¹Ø¬ÙŠÙ† #Ø¹Ø¬ÙŠÙ†Ø© #Ù…Ù…Ù„Ø­Ø§Øª #Ø­Ø´ÙˆØ© #Ø§ÙƒÙ„ #Ù…Ø·Ø¨Ø® #Ù…Ø§ÙƒÙˆÙ„Ø§Øª #Ø¬Ø¨Ù† #Ø³Ù‡Ù„Ø© #Ø²ÙŠØªÙˆÙ† #Ø·Ø¨Ø§Ø® #Ø­Ù„ÙˆÙŠØ§Øª #ÙˆØµÙØ© #ÙˆØµÙØ§Øª #ÙˆØµÙØ©_Ø´Ù‡ÙŠØ© #ÙˆØµÙØ©_Ù„Ø°ÙŠØ°Ø© #ÙƒØ±ÙŠØ¨ #ÙˆØµÙØ©_Ù„Ø°ÙŠØ°Ù‡ #ÙˆØµÙØ©_Ø³Ø±ÙŠØ¹Ø© #yummy #recettes #Ø´Ù‡ÙŠÙˆØ§Øª #Ø´Ù‡ÙŠÙˆØ§ØªÙŠ #Ø´Ù‡ÙŠØ© #ÙƒÙŠÙƒØ§Øª  #ØªØ´ÙŠØ²ÙƒÙŠÙƒ #Ø¨ÙŠØªØ²Ø§ #pizza
367;Hey !
368;
369;Aujourd'hui, Ã§a a Ã©tÃ© un bon legday pour moi. Plus du cardio en finition.
370;Ã€ prÃ©sent, j'ai les jambes sciÃ©es ğŸ˜…
371;Mais demain, Ã§a sera le haut du corps... yes ! ğŸ’ªğŸ’ªğŸ’ª Et vous, training aujourd'hui?
372;
373;#training #sport #musculation #cardio #perdredugras #fitmum #fitfrenchies #fitgirl #fit #fitbit #mangersain #mangermieux #reequilibragealimentaire #healthy #healthyfood #healthylifestyle #legday
374;Lundi 13 mai : Dietplus OrlÃ©ans vous rejoint dans votre salle de sport Keep Cool de La Chapelle-St-Mesmin.
375;Venez bÃ©nÃ©ficier d'une pesÃ©e sur balance impÃ©dancemÃ¨tre et d'une analyse de votre composition corporelle.
376;Ã€ trÃ¨s vite !
377;
378;#keepcool #salledesport #minceur #reequilibragealimentaire #dietetique #pertedepoids #alimentationsaine #coach  #dietplus #orleans
379;Good morning Thursday, .
380;ğŸ™‹ğŸ»â€â™€ï¸
381;I am beyond happy to see so many more people becoming aware of holistic health and healthier medicinal alternatives. Everything from diet changes to implementing habits to preventing disease and improving overall wellbeing. .
382;ğŸ’š
383;The beautiful thing about herbs is it can work both in conjunction with conventional medicine and as a substitute. In conjunction, it works to help rebuild the liver, organs and damaged tissues from overuse of chemicals that the body canâ€™t naturally fully breakdown while as a substitute, it can help everything from headaches, indigestion and eczema promoting cellular restoration. .
384;ğŸ’ªğŸ¼
385;Herbs are incredibly powerful for building your immunity and giving strength to the bodyâ€™s natural immune system and defense mechanisms. Herbs are amazing adaptogens, making the bodyâ€™s ability to adapt to the endless life stresses, changing atmosphere and ever-changing environment that much stronger. .
386;ğŸµ
387;If your body has a stronger foundation and immunity, it is less susceptible to illness later. Herbs used regularly can help prevent many ailments and diseases from developing in the first place or at least cutting down the symptoms and the duration significantly. .
388;ğŸƒ
389;Follow @tearapeutic for therapeutic tips, teas & herbal remedies
390;.
391;.
392;.
393;.
394;.
395;.
396;.
397;.
398;.
399;
400;#holistichealth #onlinemarketing #mycreativebiz #theeverygirl #greenthumb #creativepreneur #holisticliving #meditation #healingherbs #mangersain #sheisnotlost #powerofnow #tealover #whole30 #witchywoman #manifesting #Godisgreat #selfcare #naturalremedies #explorecanada #behealthy #stayhealthy #plantpower #biohacking #permaculture #businesswoman #chronicillness #spoonie #behealthy #herbs
401;[Ã‰TAPE 2] ProtÃ©ger son microbiote intestinal pendant un rÃ©Ã©quilibrage alimentaire câ€™est important ! ğŸ¦ 
402;Probiotiques L-Gasseri est une synergie de 4 souches de probiotiques conÃ§u pour cela : .
403;. ğŸŒ± . Agit sur lâ€™absorption lipidique.
404;. ğŸŒ± . Stimule lâ€™excrÃ©tion des graisses.
405;. ğŸŒ± . RÃ©duit la masse abdominale, de la taille et des hanches, ainsi que lâ€™IMC.
406;
407;Pour vous le procurer, rdv dans notre bio !ğŸ‘†ğŸ»ğŸ¤— #copmed #laboratoirescopmed #santenaturelle #complementalimentaire #healthy #healthyfood #alimentationequilibree #microbiote #protection #reequilibragealimentaire #probiotiques #ete
408;.
409;.... â„œğ”¢ğ” ğ”¢ğ”±ğ”±ğ”¢ ğ”Ÿğ”¯ğ”²ğ”ªğ”¢ ğ”­ğ”ğ”¯ğ”£ğ”²ğ”ªğ”¢Ìğ”¢ ğ”£ğ”©ğ”¢ğ”²ğ”¯ ğ”¡â€™ğ”¬ğ”¯ğ”ğ”«ğ”¤ğ”¢ğ”¯...... .
410;
411;Coucou les filles jâ€™espÃ¨re que vous allez bien ğŸ˜€comme promis tout les jeudis une recette de produits cosmÃ©tiques ğŸ˜›
412;.
413;ğ‘°ğ’ğ’ˆğ’“ğ’†Ìğ’…ğ’Šğ’†ğ’ğ’•ğ’”.
414;-  ğŸ“ğŸğ  d'hydrolat de fleur d'oranger
415;-  ğŸ’ğŸ“ğ   d'hydrolat de citron
416;-  ğŸ“ğ  de glycÃ©rine
417;
418;ğ‘¹ğ’†Ìğ’‚ğ’ğ’Šğ’”ğ’‚ğ’•ğ’Šğ’ğ’
419;1)Versez successivement les deux hydrolats dans un petit flacon vaporisateur. ğŸŒ»
420;2)Incorporez ensuite la glycÃ©rine.ğŸŒ±
421;3)Rebouchez le flacon.
422;4)Secouez-le vigoureusement. Tadaaam C'est prÃªt !
423;
424;ğ‹ğ„ğ’ ğˆğğ†ğ‘ğ„ğƒğˆğ„ğğ“ğ’ 
425;ğ˜“'ğ˜©ğ˜ºğ˜¥ğ˜³ğ˜°ğ˜­ğ˜¢ğ˜µ ğ˜¥ğ˜¦ ğ˜§ğ˜­ğ˜¦ğ˜¶ğ˜³ ğ˜¥'ğ˜°ğ˜³ğ˜¢ğ˜¯ğ˜¨ğ˜¦ğ˜³ ğŸŠest un parfum floral lÃ©gÃ¨rement sucrÃ©, il rafraÃ®chit et apaise l'Ã©piderme. ParticuliÃ¨rement rÃ©gÃ©nÃ©rant, il tonifie et redonne de la luminositÃ© aux teints ternes.ğŸ™Œ
426;.
427;ğ˜“'ğ˜©ğ˜ºğ˜¥ğ˜³ğ˜°ğ˜­ğ˜¢ğ˜µ ğ˜¥ğ˜¦ ğ˜¤ğ˜ªğ˜µğ˜³ğ˜°ğ˜¯ ğŸ‹ parfume subtilement en apportant une note vitaminÃ©e, aromatique et fraiche. Tonique et astringent,il permet Ã©galement de resserrer les pores cutanÃ©s en rÃ©gulant la production de sÃ©bum. Enfin, il unifie le teint, prÃ©vient l'apparition d'imperfections et rehausse l'Ã©clat de l'Ã©piderme.
428;ğ˜“ğ˜¢ ğ˜¨ğ˜­ğ˜ºğ˜¤ğ˜¦Ìğ˜³ğ˜ªğ˜¯ğ˜¦ ğŸ’§est Humectante et hydratante, elle attire et capte l'eau pour maintenir une bonne hydratation au sein de la peau. C'est aussi un actif adoucissant..
429;.
430;ğ”ğ­ğ¢ğ¥ğ¢ğ¬ğšğ­ğ¢ğ¨ğ§ ğŸŒ±
431;.Vaporisez ce soin, matin et soir, sur une peau parfaitement propre sur le visage et le cou. GorgÃ©e en actifs adoucissants et hydratants, cette brume redonne de l'Ã©clat Ã  votre Ã©piderme. Elle agit comme un tonique Ã  la fois dynamisant, purifiant et apaisant. Appliquez-la aussi sur l'ensemble de votre corps, si vous apprÃ©ciez son odeur fraÃ®che.âœ¨
432;.
433;ğŸŒ»Employez autant que possible des matiÃ¨res premiÃ¨res issues de l'agriculture biologique.ğŸ€
434;.
435;.
436;.
437;.
438;.
439;
440;#var #toulon #cotedazur #beautytips #recettemaison #spring #sud #sun #instadaily #girls #instagood #bio #naturel #photooftheday #love
441;Cherches-tu Ã  accumuler des connaissances, de la thÃ©orie, du savoir ? Et si tu te concentrais sur plus de pratique, plus de pratique et encore plus de pratique. Pas Ã  pas, expÃ©rience aprÃ¨s expÃ©rience, Ã©chec aprÃ¨s Ã©chec tu rÃ©ussiras ton objectif. -10 kg, -20 kg, -30 kg tout est possible dÃ¨s lors que tu pratiques plus.â£
442;â£.â£
443;â£.â£
444;â£.â£
445;â£.â£
446;â£.â£
447;â£.â£
448;â£.â£
449;â£.â£
450;â£.â£
451;â£#regimeuse #regimeusemotivee #surpoids #pertedepoidssaine #reequilibragealimentaire #mincirsansregime #mincirsainement #recetteminceur #mincirfacilement #mincirnaturellement #motivation #crossfitmotivations #healthylife  #mangerequilibrÃ© #mangersainement #repashealthy #repasequilibre #petitdejeunerhealthy #petitdejeunersain #coach #coaching
452;Une merveillisimeuse journÃ©e Ã  vous les amis !!!
453;.
454;Ce soir Ã  20h00 confÃ©rence sur Â«Â tout dans les mains ğŸ–ğŸ–Â Â»
455;Pour Ã©valuer votre potentiel naturel et mieux comprendre les autres !!
456;.
457;A ce soir en direct sur YouTube : gwennoline TV
458;.
459;Je vous love ğŸ’¯ğŸ’“
460;.
461;#massage #minciravecplaisir#couple #amoureux #science #developpementpersonnel #lifstyle#bienmanger #science #sante#sanÃ©
462;#bienetre#mincir #detox #zen #attitude
463;#alimentationsaine#conscience#yoga #spiritualitÃ© #fitness#olympics #nutrition
464;#bienetre #bienmanger #rencontre #interview @bienetre_gwennoline_tv #sport #paix #joie #joiedevivre #ame
465;Ooops  Ø´Ù„Ù‚Ùˆ Ø¨ÙŠØ§ ÙØ§Ø·Ø± Ø¨Ø§Ø´ ØªØ±Ø³ÙŠÙ„ÙŠ Ù‚Ø§Ø¹Ø¯ Ø¹Ù„Ù‰ Ø·Ø§ÙˆÙ„Ø© Ø§Ù„ØµØºØ§Ø± 
466;#tunimomentsÂ  #tunisia #charmoftunisia #etunisie #igerstunisia #visittunisiağŸ‡¹ğŸ‡³ #stounsi #tunisianfood #traditional #tunivisionsÂ  #discovertunisia #cuisinetunisienne  #ramadan #Ø±Ù…Ø¶Ø§Ù† #ØªÙˆÙ†Ø³ #recetteramadan  #recetterapide  #tunisie #foodphotography  #foodpics #recettetunisienne #Ø±Ù…Ø¶Ø§Ù†_2019  #Ø±Ù…Ø¶Ø§Ù†_ÙƒØ±ÙŠÙ…  #Ù…ØµØ±
467;â¡ï¸ N I C E C R E A M ğŸŒ
468;.
469;Ce rÃ©gal Sunshine !
470;Quand on peut se faire plaisir avec des choses saines c'est du bonheur ! ğŸŒˆ
471;.
472;Il y a une vidÃ©o de NICECREAM chocolat sur ma chaÃ®ne YouTube Manon Fitazur Coach âœ¨
473;.
474;â–¶ï¸Recette SIMPLISSIME de celle-ci :
475;Pour la base et au milieu : yaourt au soja nature avec 1 CS graines de chia (laisser gonfler quelques minutes) ensuite la NICECREAM est composÃ©e de 2 bananes congelÃ©es et 100 gr de fruits rouges avec quelques gouttes ArÃ´me chocolat de chez @bulkpowders_fr et 1 tasse Ã  cafÃ© expresso de lait d'amande nature. Mixer tout Ã§a au blender, faire les Ã©tages en ajoutant au milieu et au dessus en toppings de la purÃ©e de cacahuÃ¨tes atomique de chez @koro_fr et 1 carrÃ© de chocolat 90% de cacao en morceaux.
476;.
477;â–¶ï¸Ã€ dÃ©guster le matin au petit dÃ©jeuner, au goÃ»ter ou le soir devant un film.ğŸ˜œ
478;.
479;â–¶ï¸Au passage, les graines de chia sont une super source de fibres, protÃ©ines, calcium, antioxydants et omÃ©ga 3, un max de bÃ©nÃ©fices pour ta forme et ta santÃ© et en plus de Ã§a elles rÃ©gulent l'appÃ©tit, stabilisent la glycÃ©mie et sont des copains pour les intestins ! .
480;â–¶ï¸Alors tu vas tester la recette ?
481;.
482;â–¶ï¸Infos coaching par ici WWW.FITAZUR.FR ğŸ¦‹
483;.
484;Namaste les Sunshines ğŸ™
485;.
486;#coach #coaching #fitazur #antibes #frenchriviera #recettefacile #nicecream #mangersainement #vivresainement #bonheur #alimentationsaine #matin #bienetre #coachsportif #inspiration #motivation #vegan #vegetarien #developpementpersonnel #santÃ© #banane #petitdejeuner #snack #healthy #glace #pertedepoids #recettesaine #bienmanger #sportive #goumandise
487;#sleevegastrectomy #sleeve #sleevegastrectomie #minciravecplaisir
488;Tes croyances forment ta rÃ©alitÃ© 
489;528Hz
490;Your beliefs form your reality
491;#432Hz #528Hz #852Hz #741Hz #soinsenergetiques #bolstibetains #sonotherapie #paris #France #healthy #frequence #soin #reequilibrage #holistique #bolschantants #singingbowls #vibe #vibrationalhealing #vibration #positivevibes #soundhealer #soundhealing #soundhealingbowls #higherawakening #higherfrequency #higherfrequencies #recentrage #serecentrer #prendresoindesoi
492;15 km Ã  midi ! Cette fille est folle ğŸ˜‚ #wwfrance #weightwatchers #weightwatchersfrance #reequilibrage #motivation #velodappartement #cardio #onlacherien #fitness #workingmum #workingmama
493;Ce matin, deuxiÃ¨me rendez-vous nutrition pour Emilie ğŸ‘ Maintenant que les bases sont connues, on s'oriente sur deux premiers grands axes d'amÃ©lioration â˜º
494;
495;Ã‰quilibrage alimentaire pour Ãªtre bien dans son corps et son esprit ğŸ´
496;
497;#nutrition #coach #equilibragealimentaire
498;#coachnutri #bienetre #mangerbouger
499;#mangersainement
500;#healtydiet
501;#healthystudent #bienmanger #nourriture #mangerequilibre
502;#dietetique #conseilsnutrition
503;ğŸŒ±ğŸ¥—Petite salade printaniÃ¨reğŸ¥—ğŸŒ±
504;Aujourd'hui je vous fais dÃ©couvrir une salade originale Ã  base de fleurs de jacinthes et de pÃ¢querettes ğŸ¥—ğŸ¤¤ğŸŒ¼ğŸŒ¸
505;Et oui... On peu manger la jacinthe ğŸŒ· mais personnellement je la trouve bonne uniquement bien fraÃ®che ğŸ˜ğŸŒ±
506;J'ai trouvÃ© ces assiettes sur @lamaisondubambou elle sont Ã©cologiques et mettent les plats bien en valeur ğŸ½ğŸŒ±
507;Recette salade de fleurs printaniÃ¨res :
508;ğŸ“‹ Salade mache bio ğŸ¥—
509;ğŸ“‹ 10 fleurs de jacinthe ğŸŒ·
510;ğŸ“‹ Quelques fleurs de pÃ¢querettes ğŸ“‹ 1/2 Ã©chalote 
511;Pour la vinaigrette :
512;ğŸ“‹ 4 cuillÃ¨res Ã  soupe d'huile d'olive ğŸ“‹ 2 cuillÃ¨res Ã  soupe de vinaigre balsamique
513;ğŸ“‹ 1/4 de cuillÃ¨re Ã  cafÃ© de miel
514;ğŸ“‹ Sel
515;ğŸ“‹ Poivre
516;.
517;.
518;.
519;.
520;.
521;#salade #recette #jacinthe #jacinthes #paquerettes #faitmaison #cestleprintemps #bientotleprintemps #fleur #fleurs #capousse #printemps #bougival #aujardin #jardin #jardinage #healthy #monjardin #aupotager #potager #nature #jardinage #vÃ©gÃ©tarien #dujardinalassiette #zerodechet #soleil #mangersains #bienmanger #entrecopines #dansmonjardin
522;#urban #urbanfood #ruehoche #frenchriviera #foodlovers #friendszone #cannes #cannois #Edichou #saladecomposÃ©e #saladechevrechaud
523;Un bilan diÃ©tÃ©tique dÃ¨s l'inscription!
524;
525;Parce que la nutrition est aussi importante que lâ€™activitÃ© physique, L'Orange Bleue Mon Coach Wellness Lorient vous donne accÃ¨s Ã  un bilan diÃ©tÃ©tique gratuit avec notre diÃ©tÃ©ticienne indÃ©pendante.
526;
527;Incluant la pesÃ©e avec un dÃ©tail de lâ€™Ã©tat de votre corps ainsi quâ€™un entretien, câ€™est un point de dÃ©part dans la dÃ©termination de vos objectifs 
528;#coaching #coachingsportif #sport #osteopathie #nutrition #dietetique #healthylifestyle #bienetre #wellness #wellnessfitness #lorient #lorientlabase #lorangebleuemoncoachwellness
529;ğŸµ H  R  I  R  A ğŸµ
530;.
531;.
532;.
533;La Hrira est lâ€™incontournable du mois de Ramadhan pour moi . Je pourrais la manger pendant les 30j mais bon faut penser aux autres et faire de la Chorba aussi ğŸ˜‚
534;.
535;.
536;.
537;Jâ€™avais dâ€™ailleurs mis en sondage en story, et la majoritÃ© dâ€™entre vous prÃ©fÃ¨rent la hrira ğŸ˜
538;.
539;.
540;.
541;Il y a vraiment diffÃ©rentes faÃ§ons de faire, chaque rÃ©gion, chaque pays a sa propre maniÃ¨re de faire donc il nâ€™y a pas de recette type ğŸ¤·ğŸ»â€â™€ï¸( la mienne est ğŸ‡©ğŸ‡¿ venant de lâ€™ouest ) .
542;.
543;.
544;Il me semble quâ€™il y a dÃ©jÃ  une recette de hrira sur les story permanente, Ã  dÃ©faut je vais poster la recette de celle-ci ğŸ˜
545;.
546;.
547;.
548;Saha ftorkoum ğŸ˜‹
549;.
550;.
551;.
552;#cuisine #hrira #algerienne #cooking #ramadan2019 #ramadhan #cuisinealgerienne #instafood #harira #soupe #recettehrira #recettefacile #sahaftorkoum #algerie #yummy #madewhitlove #homemade #foodlover
553;Comme une envie de soleil et de ciel bleu ğŸ˜
554;
555;En attendant le retour des beaux jours â˜€ï¸, je fais le plein de vitamine D et dâ€™omÃ©ga 3 avec les sardinesÂ -)
556;Et oui, les naturopathes (omnivores) dÃ©veloppent souvent une passion pour ces petits poissons gras dÃ©licieux et super bons pour la santÃ©Â : outre la vitamine D (santÃ© des os, systÃ¨me immunitaire et anti-fatigue) et les omÃ©ga 3 (anti-dÃ©prime, anti-inflammatoire et protection du systÃ¨me cardio-vasculaire), les sardines sont Ã©galement une bonne source de calcium, de sÃ©lÃ©nium, de protÃ©ines, et de vitamines du groupe B. Ce sont Ã©galement les poissons les moins polluÃ©s (mÃ©taux lourds, etc).
557;Lâ€™idÃ©al, lorsquâ€™on ne peut pas cuisiner des sardines fraÃ®ches, est de les choisir en boÃ®te, Ã  lâ€™huile dâ€™olive et issues de la pÃªche durable.
558;
559;#naturopathie #naturoparis #food #mangersainement #sun #holidays
560;Plante tropicale originaire d'Asie, le gingembre (Zingiber officinale Rosc.), est indiquÃ© pour amÃ©liorer la digestion, rÃ©guler la motilitÃ© gastro-intestinale et faciliter l'Ã©limination des gaz.
561;Ë™
562;Les bienfaits anti nausÃ©eux du gingembre sont reconnus par l'Organisation mondiale pour la santÃ© depuis 1999. Il sâ€™avÃ©rait particuliÃ¨rement efficace dans la lutte contre le mal des transports (navires, avions, trains, voitures. Si quand vous voyagez vous souffrez de nausÃ©e, cette plante vous sera d'un grand secours. L'effet du gingembre, pour avoir des effets bÃ©nÃ©fiques sur le mal des transports, doit Ãªtre pris au moins 30 minutes avant le dÃ©placement et - si nÃ©cessaire - aussi aprÃ¨s 1/2 heure.
563;Ë™
564;Enfin, le gingembre est un anti-inflammatoire naturel et a un effet bÃ©nÃ©fique sur la digestion.
565;Ë™
566;Est-que vous connaissez dâ€™autres propriÃ©tÃ©s du gingembre ? ğŸ˜Š
567;Ë™
568;#famillevegavero #vegaverofrance #alimentation #alimentationsaine #healthychoices #healthyfood #healthylife #healthylifestyle #healthy #mangerbien #mangersain #mangersainement #santÃ© #bio #complÃ©mentsalimentaires #vegan #vegans #veganfood #food #recipe #veganfrance #recetteshealthy #recettesvegan #veganrecipes #gingembre #ginger
569;CÅ“ur de Maman tout triste ce matin ! Ma fille, lâ€™amour de ma vie, fÃªte ses trois ans aujourdâ€™hui ... et je ne la verrais pas aujourdâ€™hui pour raison professionnelle ... Autant vous dire que je le vis trÃ¨s mal et que ce soir je vais me rÃ©fugier dans le sport pour ne pas trop y penser ! Je retrouve ma petite chÃ©rie demain soir et je nâ€™attends que Ã§a ğŸ˜­â¤ï¸ #lsdpienne #lsdpiennemotivee #lesecretdupoids #lesecretdupoidslegroupe #reequilibrage #reequilibragealimentaire #perdredupoids #pertedepoids #regime #regimeusemotivee #regimeuse #motivation #perseverance #objectif
570;ğŸ’¥ PERTE DE GRAISSE PLUS RAPIDE ğŸ’¥
571;â €
572;Â«Croyez-le ou non, lorsque vous avez faim, vous pourriez ne pas avoir faim.
573;â €
574;Si vous ne buvez pas de cafÃ©, prenez plutÃ´t du thÃ© vert. La cafÃ©ine est la clÃ© ici. La cafÃ©ine est un excellent coupe-faim.
575;â €
576;Un autre conseil: Â«Si vous avez encore faim aprÃ¨s le cafÃ©, buvez un fruitÂ». Votre foie est probablement Ã©puisÃ© et le fruit est un moyen sain et peu calorique de complÃ©ter vos rÃ©serves de foie! ğŸ˜Š
577;â €
578;Suivez les Ã©tapes ci-dessus avant de manger ou de grignoter. Manger quand vous avez rÃ©ellement faim (vous avez besoin de nutriments) est trÃ¨s puissant.
579;â €
580;Cela nous donne le sentiment de contrÃ´ler.
581;Pour avoir une relation saineâ¤ï¸ avec les aliments, ne le laissez pas vous contrÃ´ler
582;â €
583;Il y a beaucoup de facteurs qui nous font avoir faim
584;â €
585;ğŸ’š 1) Vous pouvez avoir faim parce que vous Ãªtes dÃ©shydratÃ©. Lorsque vous vous rÃ©veillez, vous Ãªtes trÃ¨s dÃ©shydratÃ©. Assurez-vous de boire au moins 1 litre d'eau aprÃ¨s le rÃ©veil.
586;â €
587;2) Vous pouvez avoir faim parce que vous Ãªtes privÃ© de sommeil. Obtenir un sommeil adÃ©quat (7 Ã  9 heures) est si important pour votre santÃ©.
588;â €
589;3) Vous pouvez avoir faim parce que vous vous ennuyez. Nous avons parfois juste envie de manger si nous nous ennuyons. Lorsque vous le faites, trouvez quelque chose d'intÃ©ressant Ã  faire!
590;â €
591;ğŸ’š4) Le stress est aussi un autre facteur qui cause la faim. En Ãªtre conscient et l'accepter est un bon moyen de gÃ©rer le stress. Prenez juste une seconde pour respirer et rÃ©flÃ©chir Ã  ce quâ€™il faut faire. Ã‰vitez de rÃ©agir Ã  vos Ã©motions. Vous Ãªtes dans le contrÃ´le.
592;â €
593;âœ…Essayez ces Ã©tapes. Si aprÃ¨s avoir bu de l'eau, prendre de la cafÃ©ine et mÃªme manger un fruit ne suffit pas Ã  supprimer votre faim, assurez-vous de manger un repas nutritif! ğŸ˜ƒ
594;â €
595;#perdredugras #heathlylife #recettehealthy #recettesaine #mieuxmanger #mangerequilibrÃ© #repashealthy #collation #musculationfrance #legume #perdredugras #pesee #kilosentrop #pertedepoidssaine #nutriments #alimentationsaine #dietetique #minciravecplaisir #bienmanger #mangerequilibre #remiseenforme #regimeusemotivee #mangersainement #instaregime
596;#maigrir  #mangerbouger #sportive #bienfaits #perdredupoids #mincir #regimeuse
597;Pause dÃ©tente entre fille â¤ï¸ #coffeetime#coffeetimeâ˜•#cafe#cafÃ©#detente#minciravecplaisir#mincirensemble#maigrirensemble#maigrirsainement#reequilibrage#reequilibragealimentaire#reequilibragealimentaireğŸğŸŠğŸ‹ğŸ…ğŸ†ğŸŒğŸğŸğŸ‰
598;âš–ï¸ : OREO ORIGINAL ğŸ« VS GERBLÃ‰ (sans sucres ajoutÃ©s) ğŸŒ¿
599;.
600;(Valeurs donnÃ©es pour 100g)
601;.
602;.
603;.
604;âœ… CONCLUSION : Il y a une faible diffÃ©rence calorique entre ces deux marques de biscuits. Lorsque que l'on regarde d'un peu plus prÃ¨s les macronutriments, les biscuits OREO contiennent environ 15x plus de sucres que les biscuits gerbÃ©s. âš ï¸
605;.
606;Entre ces deux produits, il vaut mieux consommer les biscuits de la marque GerblÃ© ! ğŸ˜‰
607;@gerble_france
608;@oreo
609;.
610;.
611;.
612;.
613;.
614;.
615;.
616;.
617;.
618;.
619;.
620;.
621;.
622;.
623;.
624;.
625;#bienfaits #regime #regimeuse #teamshape #reequilibragealimentaire #paleodiet #vegandiet #vÃ©gÃ©tarien #sucre #nutritionsportive #nourrituresaine #gerblÃ© #alimentationsaine #myfitnesspal #myfitnessjourney #pertedepoids #perdredupoids #mangersain #mangerequilibre #mincir #diÃ©tÃ©tique #lsdp #lsdpienne #bio #healthychoice #caloriecounting #mangersainement #oreo #caloriedeficit
626;ğŸŒˆCoucou Ã  tousğŸŒˆ 
627;Simple comme bonjour mais tellement bonğŸ˜‹
628;~
629;Filet de colin accompagnÃ© d'un riz blanc. J ai assaisonnÃ© le tout de citron vert et d'epices speciales poissonğŸ´
630;~
631;J'ai rajoutÃ© quelques feuilles de salade (vinaigrette au vinaigre balsamique de modeneğŸ‡®ğŸ‡¹)
632;~
633;#fish #nomeat #rice #recettehealthy #recettesaine #instafood #foodblogger #recettedujour #poisson #vegetarian
634;J-4 avant les portes ouvertes ! 
635;Ouverture du centre le 13 mai, dÃ©couvrez notre nouveau concept en regardant Lâ€™interro. 
636;Nabil Hedjazi vous explique tout! 
637;#clip #coachingsportif #osteopathie #dietetique #wellness #lorientlabase #lorangebleuemoncoachwellness
638;Aujourdâ€™hui Je vous propose les 4 composantes dâ€™un petit dÃ©jeuner sain et Ã©quilibrÃ©. Le modele du petit dejeuner Â«Â croissant-tartine de nutellaÂ Â» avec lequel nous avons grandi est tout sauf bÃ©nÃ©fique pour lâ€™organisme.
639;.
640;.
641;Un bon petit dÃ©jeuner est indispensable pour commencer la journÃ©e du bon pied. Par Â«Â bonÂ Â» jâ€™entends bon nutritionnellement mais aussi la notion de plaisir.
642;Jâ€™aime ce moment oÃ¹ je prends du temps pour moi et je met les idÃ©es au clair sur ce que je dois accomplir dans la journÃ©e.
643;.
644;.
645;Personnellement je privilÃ©gie des petits dÃ©jeuners avec une source de glucides et deux sources de protÃ©ines. Attention au coup de barre en cas de petit dÃ©jeuner trop riche en glucides Ã  fort index glycÃ©mique. .
646;. ğŸ’¡dâ€™ailleurs le saviez vous? Le petit dÃ©jeuner francais est un des rares Ã  etre plutot sucrÃ© que salÃ©.
647;.
648;.
649;Et vous, que prenez-vous au petit dÃ©jeuner ? .
650;.
651;.
652;#instaregimeuse #equilibrealimentaire #mangermieux #mangerequilibre #conseilsantÃ© #conseilnutrition #reequilibragealimentaire #apprendreamanger #mangersainetbon #alimentationsaine #repashealthy #mieuxmanger #mangerbien #prendresoindesoi #viesaine #vivremieux #apprendreamanger #dietetique #alimentationequilibree #conseildujour #vivresainement #cuisinesaine #coachnutrition #commentbienmanger #alimentation #bienmanger #petitdejeunerhealthy #petitdejeunersain #petitdejeuner #routinematinale #ptitdej
653;Bonjour ! ğŸ‘±â€â™€ï¸ğŸ‘©â€ğŸ¦³
654;Voici notre Menu de ce Jeudi:ğŸ˜‹
655;De 11h Ã  18h Non Stop
656;SUR PLACE OU A EMPORTER ğŸ’¯% Bio, Fait Maison ğŸ ğŸ‘©â€ğŸ³ avec des produits Frais !! ğŸ¥‘ğŸğŸ¥•ğŸ¥’ğŸğŸŠğŸ«ğŸ‹ğŸŒ¶
657;Sans Micro-Ondes, SurgelÃ©s, 
658;Ni Plastique, ni Aluminium, âœ¨VÃ©gÃ©tarien ğŸ¾et ğŸ’•Vegan
659;( V= Vegan, SG= Sans Gluten) ğŸ¥¤ğŸ°â˜•ï¸Salon de thÃ© l'aprÃ¨s-midi â˜•ï¸ğŸ°ğŸ¥¤ Nos supers Sandwichs: Bagels aux graines :
660;"ğŸ¥¯* Le ""Bollywood"" (V) ğŸ•Œ : Seitan, sauce Maison au Curry et Curcuma, Champignons frais marinÃ©s Maison, Salade verte ğŸ¥¯* Le Mar""S""ien (V) ğŸ‘¾ : Seitan, Cream Cheese VÃ©gÃ©tale Maison, Avocat, Concombre, Cornichon doux, Sauce Citron et Gingembre, Salade verte ğŸ¥¯* Le VÃ©gÃ©tarien ğŸ: Fromage de ChÃ¨vre frais, Miel, Oignon, Concombre, Tomate, Pesto et Salade verte ğŸ¥¯* Le ""Tofou"" (V) ğŸ†"
661;Cream Cheese VÃ©gÃ©tale Maison, Tofu grillÃ©, Aubergine, Oignon et Salade verte
662;
663;Tapas:
664;ğŸŒ¿Houmous (V et SG)
665;ğŸ¥FeuilletÃ©s
666;
667;EntrÃ©e : ğŸ Salade VariÃ©e (V et SG)
668;Plat:
669;ğŸ Buddha Bowl (V et SG) (Boulghour, Patates Douces, Tofu, Chou Rouge, Poireaux, Courgettes et Pomme)
670;Desserts : ğŸ Moelleux au Chocolat (V et SG)
671;ğŸ Perles du Japon au Coco (V et SG)
672;ğŸ Mousse au Chocolat (V et SG)
673;ğŸ FeuilletÃ© Ã  la Cannelle (V) ... Entre autres ...
674;et d'autres prÃ©parations Ã  dÃ©couvrir sur place !!! ğŸ¤—
675;et ...ğŸ¥¤Boissons Tout Bio, ... FraÃ®ches, ou Chaudes â˜•!! ... (A La Hume, au 38 route des lacs - 33470 Gujan-Mestras - France)
676;Visitez notre site : www.lafourchettebio.fr ğŸŒ¿ğŸŒ¿Notre Vaisselle jetable est VÃ©gÃ©tale, Compostable et BiodÃ©gradable !ğŸŒ¿ğŸŒ¿ #bio #vÃ©gÃ©tarien #vegan #frais #gujanmestras #jusbio #bassindarcachon #green #organic #veggie #houmous #nonstop #faitmaison #fresh #sansgluten #homemade #restauration #salondethÃ© #cafÃ© #sansplastique #noplastic #ecolo #biodegradable
677;OYE OYE ğŸ¤© Notre nouveau magazine d'Ã©tÃ© est enfin disponible dans les kiosques du QuÃ©bec chez : - IGA - Metro
678;- Super C
679;- Maxi - Walmart
680;- Costco
681;- Et aussi plusieurs pharmacies, grands dÃ©panneurs et tabagies spÃ©cialisÃ©es en vente de magazines
682;
683;Le magazine est Ã  seulement 9.95$. Comme je disais, le magazine n'est pas seulement un magazine de recettes. C'est bien plus que Ã§a.
684;
685;C'est un magazine qui vous aidera Ã  travailler votre relation avec la nourriture. C'est un outil pour vous apprendre Ã  manger sainement le plus simplement possible, sans restrictions. 
686;C'est une mÃ©thode qui oui, permet une perte de poids moyenne de 2 Ã  7 lbs en 7 jours SANS faim, SANS rÃ©gime et SANS yoyo .
687;
688;C'est un magazine remplit de beaux tÃ©moignages de femmes qui, malgrÃ© le peu d'espoir qu'elles avaient, ont rÃ©ussi ENFIN Ã  perdre du poids et Ãªtre bien dans leur peau
689;.
690;
691;En plus, c'est une SUPER IDÃ‰E CADEAU (la fÃªte des mÃ¨res arrivent dans quelques joursÂ ğŸ˜‰) .
692;
693;Il est Ã©galement disponible sur ma boutique en ligne ici :
694;
695;https://boutique.roxannecuisine.com
696;
697;Bon jeudi
698;
699;Roxanne x x
700;
701;#roxannecuisine
702;#recettes
703;#cuisine
704;Prochainement, les thÃ©s de la marque quÃ©bÃ©coise Camellia Sinensis prendront place au sein du campus de Polytechnique et vous seront offerts. Avec une simple tasse de thÃ©, vous partirez Ã   la dÃ©couverte de saveurs subtiles et dÃ©licates : une belle invitation au voyage vous attend avec Camellia Sinensis. 
705;En proposant cette nouveautÃ©, nous mettons tout en Å“uvre en vue dâ€™offrir des prestations de qualitÃ©, tout en vÃ©hiculant et en partageant des valeurs fortes auxquelles nous croyons et contribuons quotidiennement, soit : lâ€™accessibilitÃ©, la transparence, le dÃ©veloppement durable, lâ€™Ã©conomie sociale, lâ€™entrepreneuriat, lâ€™innovation, la diversitÃ© et lâ€™inclusion. Locale et responsable, Camellia Sinensis propose des sachets de thÃ© entiÃ¨rement compostables et contribue au dÃ©veloppement des droits des femmes, dans sa fabrique en Inde. 
706;@asap_polymtl @camellia.sinensis #camelliaT #camelliasinensis #asap_polymtl #asapfood #asappolymtl #foodservices #fooddepartement #newservices #teastagram #teaaddict #heathly #tealover #foodstagram #tea #addicttea #photooftheday #polymtl #montreal #montrealcity #servicealimentaire #alimentaire #mangermieux #mangerbien #nouveauservice #ecolepolytechniquemontreal #nourriture #gastronomie #instagourmand #passionthÃ©  #thÃ©
707;La truffe noire du PÃ©rigord est Ã  dÃ©couvrir au @dockdesepices sous plusieurs formes : en miettes, en jus et entiÃ¨res !
708;.
709;. Les miettes de truffe seront idÃ©ales pour la brouillade d'Å“ufs.
710;. Le jus de truffe sera parfait pour le risotto ou les sauces.
711;. La truffe entiÃ¨re elle marche pour tout le reste !
712;.
713;Ce produit de notre RÃ©gion est un met d'exception qui relÃ¨vera vos plats les plus simples.
714;.
715;.
716;#epices #epiceriefine #epicesdumonde #truffe #truffle #truffenoire #truffeduperigord #produitregional #perigord #spices #spiceslovers #decouverteculinaire #boutiquebordeaux #ruesaintjames #bonnesadressesbordeaux #bordeaux #bordeauxfood #bordeauxmaville #bordeauxtourisme #bordeauxcuisine #bordeauxfoodie #ideecadeau #ideerecette #cuisinedumonde #cuisineregionale #cuisinefrancaise #madeinfrance #produitenfrance #faitenfrance
717;ğŸğŸ’¥PROZIS.COM CODE ã€ŠCAL10ã€‹ ğŸ’¥ğŸ
718;-
719;ğŸ”¸ï¸ Des cadeaux avec vos commandes et -10% de rÃ©duc avec le code CAL10 sur le site PROZIS.COM ! C'est cadeaux Ã§a fait plaiz Ã  tout le monde ! Dans la limite des stocks disponibles ! Des goÃ»ts aux choix et des cadeaux Ã  toutes commandes a partir de 45â‚¬ les potos ğŸ˜ŠğŸ˜ŠğŸ‘ğŸ‘
720;-
721;-
722;Merci Ã  vous et Ã  bientÃ´t, tcha tchaoo ! ğŸ™‹â€â™‚ï¸
723;-
724;â–â–â–â–â–â–â–â–â–â–â–â–â–
725;Code Promo -10% et ğŸğŸã€ŠCAL10ã€‹
726;SUR @prozis
727;-
728;#muscu #teamshapeevolution ##prozisfrance #morningshape #fitnessfrance #teamgrosguifit #myproteinfr #fitaddict #prozissteam #tiboinshape #musculationfrance #basicfitfr #frenchfitness #frenchfit #fitgame #fitnesspark #teamfitcats #teamshape #prisedemasse #mangerbouger #mangersain #mangermieux #sportfrance #musculation #nopainnogain #pertedepoids #santÃ© #sport #coaching #protÃ©ine @prozis @prozisfrance @prozisportugal @tiboinshape @bodytimexpress @nassbridges @prozisespana @prozisitalia @gymshark @myproteinfr @vqfit
729;Pour intÃ©grer la Spiruline #lavicenne Ã  votre alimentation, vous pouvez l'ajouter simplement Ã  vos jus ou Ã  vos plats prÃ©fÃ©rÃ©s ğŸ’›
730;ma moitiÃ© et notre doudou EmÃ­lio Goa ğŸ˜‚â¤ï¸ #bonheur#maladieducoeur #santÃ© #ecriture #viedefemme #madame #viequotidienne#vie#partager#recettes#nature#anorexie#cardiovasculaire#femmes#madame#motivation#lire#pilealire#victime#meditation#livre#bienveillance#armonie#lecture#croire#croireensois#croireenlavie#belleaunaturel#plaisirdemanger#entreterreetmer#profiterdelavie
731;#femmeaufoyer #mamansolo #mamanaufoyer #reequilibragealimentaire #prisedepoids #pertedepoids #pertedepoidssaine #pertedepoidsrapide #vitamine #shake #soupe #saladedefruits #saladenicoise #fruit #legumes #healthy #healtybreakfast #detox #detoxwater #detoxjuice #femmedeterminÃ© #femmecourageuse #femmeambitieuse
732;#travailler #travaildequipe #source #horaires #entrepreneur #physiquetransformations #regimeusemotivÃ©e #regimeuse #recetteminceur #physiquetraining #physiqueathlete #preparationphysique #preparation #motivationğŸ’ª #revenue #engament #maigrirsansregime #maigrirensemble #maigrirvite #maigrirsainement #sante #santebienetre @travel_belgium #patron #patrones #reves #dansunegalaxiepresdechezvous
733;[Influences culinaires]
734;Câ€™est Ã  Londres que nous avons dÃ©couvert il y a plusieurs annÃ©es les FOOD COURT...Depuis SÃ©zame lâ€™Agence est toujours sous le charme de ces cuisines du monde trÃ¨s inspirantesâ™¡ SÃ©zame lâ€™Agence, expert en influences culinaires, câ€™est ce qui fait notre diffÃ©rence #londres #camdenmarket #streetfood #formation#instafood #fooding #snacking #voyage #bienmanger #marketplace #cuisinedumonde
735;Hello !
736;.
737;V2 du post avec la recette du dÃ©jeuner ğŸ˜Š.
738;.
739;Cuire le riz dans de lâ€™eau bouillante selon indication du paquet. Faire revenir Ã  la poÃªle le poulet Ã©mincÃ© et les champignons pendant 3 minutes. Saler et poivrer. Ajouter de la passata (sauce tomate) et laisser Ã  couvert pendant 10minutes. Mouiller avec de lâ€™eau si la sauce sâ€™assÃ¨che. Cuire les brocolis surgelÃ©s dans de lâ€™eau salÃ©e. Servir tous les aliments dans une assiette avec un filet dâ€™huile dâ€™olive.
740;.
741;.
742;.
743;~ ~ ~ ~ ~ ~ ~ ~ ~ ~ ~ ~ ~
744;#dejeunersain #healthylunch #mangerequilibre #pertedepoids #reequilibrage #sansgluten #mangersainement #teamfitcats #wwfrance #nouvellevie #instaregimeuse #mincir #swissfitgirl #tbcfamily #eathealthy #chrononutrition
745;~ ~ ~ ~ ~ ~ ~ ~ ~ ~ ~ ~ ~
746;.
747;.
748;.
749;Câ€™est tout un art de choisir ses hashtags.
750;.
751;Lesquels ai-je bien pu oublier ğŸ™„? (pas plus de 1 par personne ğŸ˜‰).
752;Equivalence cru et cuit !â €
753;(Nouvelle vidÃ©o youtube aussi ! )â €
754;â €
755;On me pose souvent la question ! Alors du coup voici les 3 plus connus.â €
756;â €
757;Donc en gÃ©nÃ©ral 30 gr suffit pour faire 100 grammes cuit.â €
758;Une petite pensÃ©e Ã  toutes les personnes qui mettent 100 grammes crus et qui se retrouvent avec 1kg de pÃ¢tes... RIPâ €
759;Mentionne ton pote qui fait Ã§a ğŸ‘Œ â €
760;En vrai, on l'a tous fait, ce moment oÃ¹ tu te dis, je pense que j'en ai pas assez lÃ  et tu te retrouves Ã  nourrir 10 personnes alors que vous Ãªtes 2 ...â €
761;â €
762;Allez mes jeunes padawans, ne faites plus n'importe quoi )â €
763;â €
764;#pate #riz #mangermieux #manger #mangersain #teamshape #regime #regimeuse #pertedepoids  #reequilibragealimentaire #bienmanger
765;1 semaine de toi Ma vie... ğŸ’•
766;.
767;.
768;.
769;#instafamily #instalike #instapic #instagramers #instababy #instaregimeuse #instagrammeuse #igers69 #eatclean #reequilibragealimentaire #photooftheday #family #happy #like4likes #likeforlikes #lifestylephotography #mavie #mumlife #momlife #babygirl #baby #newborn #oneweek #instalove #ji #jeuneintermittent
770;ğŸ’™ Je suis une grande fan de bougie ğŸ’™.
771;Celle-lÃ  vient de la marque @yankeecandle , lâ€™odeur est juste ğŸ˜.
772;.
773;.
774;Mon prochain objectif câ€™est de les rÃ©aliser moi-mÃªme ! Si vous avez des recettes nâ€™hÃ©sitez pas Ã  les partager. ğŸ’™
775;.
776;.
777;Et vous vous aimez les bougies ? .
778;.
779;#yankeecandle #bougies #bougieyankeecandle #diy #bougiediy #recettebougie #recettemaison #recettefaitmaison #slowcosmetique #turquoise #picoftheday #photography #nikond3300 #ğŸ“¸ #ğŸ’™
780;Aujourdâ€™hui câ€™est mon amie Karine ğŸ˜Šqui rejoins la team ğŸ¤— 
781;Elle a pour objectif dâ€™Ã©liminer ces kilos de grossesse ğŸ‘¶ğŸ» et de se faire un complÃ©ment de salaire ğŸ’°
782;
783;Si toi aussi tu veux rejoindre la team envoie moi un petit message ğŸ’Œ
784;
785;Coralolita ğŸ‘
786;â€¢
787;#marseille #cannes #gardanne #chatellerault #nice #aix #nutrition #laciotat #besancon #grenoble #toulon #aixenprovence #montpellier #toulouse #lyon #bowlcake #muscu #biarritz #bordeaux #strasbourg #mangerbon #dietetique #mangersain #mangermieux #regimealimentaire #complementalimentaire
788;ğŸ’™ Bon Jeudi les Smootheux ğŸ’™
789;RÃ©alisez facilement de jolies prÃ©parations comme celle-ci avec votre Smooth'it.ğŸ¹
790;Il est pratique, facile d'utilisation et surtout sans-fil ğŸ˜ Il se nettoie mÃªme tout seul ! ğŸ˜±
791;.
792;___Lien dans la bio___
793;.
794;.
795;.
796;.
797;.
798;.
799;.
800;#recettesmoothie #jusdefruit #jusdefruits #jusdefruitfrais #jusdefruitmaison #mangersain #mangersainement #cuisinesaine #restaurant #recette #smoothies #smoothiebowls #recetterapide #recettefacile #mieuxmanger #recettehealthy #vÃ©gÃ©tarien #tropbon #recettesaine #saveurs #5fruitsetlegumesparjour
801;Ce soir je vous partage mon corps, un enfer pour moi... Aujourdâ€™hui mon poids qui est de 69,5 mon objectif Ã©tant dâ€™attendre au moins les 60 kg. Mais je vous partage cette photo car je veux surtout amÃ©liorer les formes de mon corps, ne plus avoir ce corps flasque... Nâ€™essayez pas de me dire le genre de phrase Â«Â mais non tu es trÃ¨s bien comme Ã§aÂ Â», Â«Â tu veux perdre quoi Ã  part tes os ?Â Â», etc car OUI jâ€™ai beaucoup entendue ce genre de phrase. Mais sachez que lorsque lâ€™on nous dis sa (oui je dis Â«Â nousÂ Â» car je ne suis pas lÃ  seule) on sait trÃ¨s bien que câ€™est pour nous faire plaisir et sachez que lâ€™on ne voit pas son corps comme les autres le voit. 
802;Je sais que lorsque lâ€™on nous dis sa cela part dâ€™un bon sentiment mais cela ne changera strictement rien. Ce nâ€™est pas parce que on va me dit Â«Â Tu es belleÂ Â» que je vais tout de suite me dire ah oui câ€™est vrai en fait je suis belle, je suis une BOMBA ! NON, cela prend du temps avant de se rÃ© accepter quand on a pris lâ€™habitude de se dÃ©tester.
803;Comme vous lâ€™aurez peut Ãªtre devinez, dÃ©sormais sur ce compte je vous partagerais mon parcours en espÃ©rant atteindre mon objectif. Ne vous en faites pas je compte toujours partager mes photos (portrait, voyage, paysage, etc) car jâ€™aime toujours autant faire des photos. Mais je veux vous partager mon Ã©volution sur Instagram pour me donner une plus grande motivation et aussi peut Ãªtre aider certains dâ€™entre vous qui aurait besoin dâ€™aide. 
804;Vous avez dans la bio Ã©galement le lien de la chaÃ®ne YouTube ou je ce partagerais quotidiennement des vidÃ©os sur mon parcours. 
805;#pertedepoids #pertedepoidssaine #sport #sportmotivation #tiboinshape #jujufitcats #reequilibragealimentaire #reequilibrage #alimentationsaine #alimentationequilibree #objectif #objectifpertedepoids
806;Pour ceux qui sont intÃ©ressÃ©s par une detox il y en as pour tout les budget !!!!!
807;#beautiful #biendanssatete #bellefemme #bienmanger #bienÃªtre #bienetre #biendanssoncorps #detoxcorporal #detox #prendresoindesoi #prenezsoinsdevous #pertedepoids
808;Pour mon goÃ»ter sur la route du retour un cafÃ© noir chocolat noir suisse et des pÃ¢tes de fruits sans compter lâ€™eau.. #chrononutritiondiet #chronofood #chronodelabos #biendanssoncorps #instafood #chrononutrition #minciravecplaisir #delabos #chronogirl #chronoteam #chrono #pertedepoids #bodypositif #instaregimeuse #equilibrealimentaire #equilibragealimentaire #minciravecplaisir #instalike #bodypositive #paleo #chronobiologie #food #motivation #mangeravecplaisir #plaisirdemanger #girl #eatwithpleasure #nosport #objectif #happy #me
809;VICTOIRE âœŒğŸ¼ğŸ¤©
810;ğŸƒ
811;Mariage en Juin, achat de robe obligatoire ! ğŸ‘—ğŸ‘  Seulement, en tant que personne ne faisant pas un 36, acheter une robe rime souvent avec: angoisse, stresse, dÃ©goÃ»t, honte. En effet, lorsque je faisais du 48 en taille, mâ€™habiller Ã©tait un vrai calvaire, un supplice mÃªme. Alors que jâ€™adore les vÃªtements... ğŸ˜¬ğŸ™„ Je ne trouvais jamais ma taille ou trÃ¨s peu dans les magasins dont je trouvais les collections jolies.. Et quand je trouvais enfin ma taille, soit ca taillait mal et je ressemblais Ã  une grosse patate emballÃ©e dans du cellophane, soit ca taillait trop petit et je ne rentrait pas dedans... ğŸ˜– Dans tous les cas, je me sentais moche, grosse, mal dans ma peau, honteuse, ridicule et jâ€™en passe... Je pense que mes ressentis feront Ã©chos Ã  beaucoup de personne.. ğŸ¤¯ Aimer la mode et les vÃªtements mais ne pas pouvoir en profiter Ã  cause de notre morphologie. Le pire des sentiments ğŸ¤
812;ğŸƒ
813;Mais mardi, VICTOIRE âœŒğŸ¼ Je suis allÃ©e chez @nafnaf pour Â«Â essayerÂ Â» de me trouver une robe... Imaginez lâ€™angoisse avant dâ€™y aller ! ğŸ˜¨ Et câ€™est avec une grande fiertÃ© et mes 12 kilos en moins que je suis enfin rentrÃ©e dans pleeeeeeeeins de robe en T44 et mÃªme quelques unes en T42 ğŸ¥³ Du coup imaginez le bonheur qui mâ€™a saisie... Je prenais de nouveau du plaisir Ã  essayer des fringues, Ã  me regarder et Ã  trouver cela harmonieux avec ma silhouette ğŸ˜ƒğŸ¤© Bien que je trouve quâ€™il nâ€™y ait pas assez de T44 dans cette marque, je suis ravie car ce sont de vraie tailles, pas rÃ©duites et ca câ€™est BONHEUR !
814;ğŸƒ
815;Petit tÃ©moignage de mon ancien moi VS mon nouveau moi ğŸ’ªğŸ¼ğŸ‘ŠğŸ¼
816;ğŸƒ
817;Et vous, yâ€™a eu des petites victoires comme ca dont vous Ãªtes fier ? ğŸ˜„
818;ğŸƒ
819;Passez une belle journÃ©e ! Prenez soin de vous ğŸ’‹ğŸ˜âœ¨ #regime #instaregime #endometriosis #poids #perte #pertedepoids #perdredupoids #FF #instafollow #reequilibragealimentaire #dietetique #diet #dietlife #dietfood #running #motivation #sport #sportmotivation #sportlife #heathly #runninggirl #heathlyfood #normandie #frenchgirl #girl #maigrir #endometriose #minceur #nopainnogain #winner
820;Vous cherchez une recette de masque pour nettoyer votre peau naturellement ? ğŸ§–Masque hydratant pour peau grasse Pour hydrater votre peau ternie et lui redonner un coup d'Ã©clat, voici une recette toute simple. Dans un bol, mettez 3 cuillÃ¨res Ã  soupe de fromage blanc battu puis ajoutez 2 cuillÃ¨res Ã  soupe de miel. Ajoutez ensuite quelques gouttes de citron et mÃ©langez. Appliquez sur tout le visage jusqu'au cou (Ã©vitez les yeux). Laissez poser 20 minutes et rincez.
821;#astucebeaute #beauty #beautealgerienne #peau#mask ##masquevisage #hydratation #marieealgerienne #beauty #recetteshealthy #recettemaison #astucepourfille #recettenaturelle #femmealgerienne
822;Une autre transformation incroyable en utilisant ma dÃ©couverte de perte de poids! Lisez l'article dans ma bio si vous voulez perdre entre 4 Ã  8 Kilos en 14 Jours! ğŸ”¥ğŸ‘€
823;#poids #pertedepoids #reequilibragealimentaire #r #fitness #regime #regimeuse #sport #fit #maigrir #mangermieux #v #corps #healthy #motivation #nutrition #achat #vente #homme #tements #femme #chaussures #rennoir #vetementsenligne #shopping #women #men #mode #look #bhfyp
824;Les aliments champions de la protÃ©ines ğŸ˜‹ğŸ’ª
825;.
826;Au dÃ©but, et spÃ©cialement si l'on consomme peu de viande, il peut Ãªtre utile de calculer la quantitÃ© de protÃ©ines que l'on consomme chaque jour. Effectivement, 100g de lentille vertes cuites n'Ã©quivalent pas 100g de protÃ©ines, mais seulement 10g.
827;.
828;#dietetique #recettedietetique
829;#recettes #entree #platcomplet #proteines #glucide #lipide#prepaphysique #coachsportif 
830;#nutrition #physique #diet 
831;#teamshape #perdredupoids #pertedepoids #regime #teamfitcats #recettesaine #dietetique #sain #santÃ© #nutrition #miam #dejeuner #cm_athlÃ©tique
832;Coucou Insta !! VoilÃ  ma nouvelle coupe de cheveux aprÃ¨s un bon moment chez ma coiffeuse que j'adore !! Belle aprÃ¨s-midi Ã  tous !! **************************
833;************************** #viesaine #reequilibragealimentaire #poids #kilosentrop #nonauxkilos #maigriravecplaisir #pertedepoids #pertedepoidssaine #perdredupoids #perdredupoidssainement #maigrir #maigriravecplaisir #maigrirensemble #minciravecplaisir #regimeusemotivee #regime #regimeuse #lsdp #instaregime #instaregimeuse #byebyeleskilos #instadiet #instafood #mangermieux #mangersain #nouveaudepart #repassimple #dietfood #2019nonauxkilos #lesecretdupoids #bienmanger
834;everything is energie and that summarizes everything. You give on the frequency of the reality that you want to obtain and you will be able to obtain only this reality, it can not be otherwise it is not philosophy but physics..
835;A.Einstein
836;#432Hz #528Hz #852Hz #741Hz #soinsenergetiques #bolstibetains #sonotherapie #paris #France #healthy #frequence #soin #reequilibrage #holistique #bolschantants #singingbowls #vibe #vibrationalhealing #vibration #positivevibes #soundhealer #soundhealing #soundhealingbowls #higherawakening #higherfrequency #higherfrequencies #recentrage #serecentrer #prendresoindesoi
837;Petit goÃ»ter dans la cours aujourdâ€™hui mon gÃ¢teau prÃ©fÃ©rÃ© du moment et un cappuccino caramel moi je vous dit vivement la fin de journÃ©e ğŸ˜© 982 kcal ma jauge aprÃ¨s le goÃ»ter bonne fin dâ€™aprÃ¨s-midi !!! #lesecretdupoids #mangermieux #nerienlacher #mangerequilibre #lsdp #lsdpienne #mangersainement #getfit #reequilibragealimentaire #instafood #homemade #pertedepoids #pertedepoidssaine #lsdpiennemotivee #sereprendreenmain #igers #yummy 
838;#foodporn #pornfood
839;GÃ¢teau Ã  l'huile (helewet El l'embout)
840;ğŸ’–ğŸ¥ğŸ’–ğŸ¥ğŸ’–ğŸ¥ğŸ’–ğŸ¥ğŸ’–ğŸ¥ğŸ’–ğŸ¥ğŸ’–ğŸ¥
841;ğŸŒ™ğŸŒ™ğŸŒ™ğŸŒ™ğŸŒ™ğŸŒ™ğŸŒ™ğŸŒ™ğŸŒ™ğŸŒ™ğŸŒ™ğŸŒ™ğŸŒ™ğŸŒ™
842;â¤ï¸â¤ï¸â¤ï¸â¤ï¸â¤ï¸â¤ï¸â¤ï¸â¤ï¸â¤ï¸â¤ï¸â¤ï¸â¤ï¸â¤ï¸â¤ï¸
843;#recettes #AlgÃ©rie #recettesalgÃ©riennes #algerienne #gÃ¢teau#chocolat #pizza #ramadan #sandwich#
844;#ÙˆØµÙØ§Øª #Ø¬Ø²Ø§Ø¦Ø±ÙŠØ© #ÙˆØµÙØ§Øª_Ø¬Ø²Ø§Ø¦Ø±ÙŠØ© #Ø¨Ù‚Ù„Ø§ÙˆØ© #Ø±Ù…Ø¶Ø§Ù† #Ø±Ù…Ø¶Ø§Ù†ÙŠØ© #Ø­Ù„ÙˆÙŠØ§Øª #Ø­Ù„ÙˆØ§ #Ø­Ù„ÙˆÙ‰_Ø¬Ø²Ø§Ø¦Ø±ÙŠØ© #Ø­Ù„ÙˆØ©Ø§Ù„Ø·Ø§Ø¨Ø¹#Ø·ÙˆØ±Ù†Ùˆ#Ù…Ø·Ø¨Ø®Ù†Ø§ #Ø¨ÙŠØªØ²Ø§ #Ø®Ø¨Ø²Ø§Ù„Ø·ÙˆØ±ØªÙŠÙ„Ø§ #Ø®Ø¨Ø² #Ø³Ù†Ø¯ÙˆÙŠØªØ´#Ù‡Ù…Ø¨Ø±ØºØ± #Ù…Ø·Ø¨Ø® #ÙƒÙŠÙƒ #Ø´ÙƒÙ„Ø§Ø·Ø©#ØµØ§Ø¨Ù„ÙŠ
845;En ce moment voilÃ  ma vue ğŸ˜ quâ€™est que câ€™est bien les vacances je ne veux plus rentrer #WW #weightwatchers #regimeuse #regimeusemotivee #mangersainement #vacances #holiday #sun #espaÃ±a #andalousia
846;Le soleil est lÃ  ! A l'ombre ou au soleil il y en a pour tout le monde #restaurants #villeneuveloubet #soleil #mangersainement
847;We don't schedule shit, we just do itğŸ’ªğŸ’ª.
848;. .
849;ğŸŒ¸ RETOUR COLLECTION BTS ğŸŒ¸ ğŸŒ¸CHALLENGE YOUR BODYğŸŒ¸
850;
851;RÃ©sultats aprÃ¨s 90 jours de cette Collection BOMBESQUE!! ğŸ˜±ğŸ’£ğŸ¤©ğŸ‘™ ğŸ” Taille marquÃ©e et redessinÃ©e..
852;ğŸ” Ventre remusclÃ©..
853;ğŸ” Abdominaux dÃ©veloppÃ©s..
854;ğŸ” Cuisses affinÃ©es.. â—PROMO jusqu'Ã  -50â‚¬ sur cette collection â— ğŸ‘‰ Contactez moi en mp
855;
856;#vivremieux #vivresainement #bonheur #bienetreaunaturel #bikini #bodygoals #bodytransformation #liveclean #healthy #complementalimentaire #modere #naturel #complementalimentairenaturel #vivresainement #santÃ© #mangermieux #challenge #ventreplat #cure #determination
857;Pause goÃ»ter: panda tea et fromage blanc 0% graines de chia ğŸ˜‹ bon appÃ©tit 
858;#gouter #instafood #gourmandise #miam #food #healthy #goutertime #mangersain #healthyfood #bienmanger #mangersainement #pandatea #tea #detox #teatime #pandateadetox #lifestyle
859;Bon vent !! ğŸ™â¤ï¸ğŸ™ğŸ’«ğŸ™ğŸŒˆğŸ™ .
860;.
861;#bienetre #bienmanger #naturopathe #naturopathie #oser #bienveillance #lacherprise #prisedeconscience #confiance #confianceensoi #cuisine #cuisinesaine #alimentationsaine #jeÃ»ne #jeuneetrandonnee #randonnee #nature #vivresainement #amour #metta #simplement #vendee #paris #lavraievie #accordparfait #hippocrates #oser #medecinedouce #qigong
862;ğŸ’™ Bon Jeudi les Smootheux ğŸ’™
863;RÃ©alisez facilement de jolies prÃ©parations comme celle-ci avec votre Smooth'it.ğŸ¹
864;Il est pratique, facile d'utilisation et surtout sans-fil ğŸ˜ Il se nettoie mÃªme tout seul ! ğŸ˜±
865;.
866;___Lien dans la bio___
867;.
868;.
869;.
870;.
871;.
872;.
873;.
874;#smoothierecette #recettesmoothie #smoothiefrance #jusdefruit #jusdefruits #jusdefruitfrais #jusdefruitmaison #mangersain #mangersainement #cuisinesaine #recette #smoothies #smoothiebowls #recetterapide #recettefacile #mieuxmanger #recettehealthy #vÃ©gÃ©tarien #mixeur #mixeurportable #blenderportable
875;Aujourdâ€™hui jour de pesÃ©e car la semaine derniÃ¨re je ne lâ€™ai pas fait. 
876;En montant sur la balance ce matin jâ€™ai pu constater une perte de 300 g seulement, mais en revanche le pourcentage de graisse a baissÃ© dâ€™encore 1,2 %.
877;Ce qui fait que depuis le dÃ©but de mon rÃ©Ã©quilibrage alimentaire jâ€™ai perdu en tout 1,8kg et 2,9 % de graisse.
878;
879;Mon pourcentage de muscles avait augmentÃ© de 1,4 % il y a deux semaines mais a baissÃ© de 0,7% cette semaine. 
880;MalgrÃ© le peu de rÃ©sultats de ces deux semaines passÃ©es je suis tout de mÃªme satisfaite car je vois que la baisse de pourcentage de graisse continue et que je ne stagne pas je prÃ©fÃ¨re perdre doucement mais sÃ»rement plutÃ´t que de perdre vite et tout reprendre de suite. 
881;On continue on y croit... #rÃ©Ã©quilibragealimentaire #minciravecplaisir #mangersainement #healthyfood #pertedepoids #motivation #onlacherienğŸ’ª #balance #peseedelasemaine
882;Ã€ la recherche dâ€™un plein de super-aliments ? Le Green Mix de chez @purasana_official saura rÃ©pondre Ã  votre demande ! ğŸŒ¿ 
883;ComposÃ© de spiruline, chlorella, herbe de blÃ© et herbe dâ€™orge, ce mix est trÃ¨s pratique Ã  utiliser dans ses yaourts, jus ou encore smoothie bowls comme on aime faire ğŸ˜‹
884;.
885;#purasanasuperfood #superaliment #superfood #mangermieux #veganfrance #ecommerce
886;Attention la fÃªte des mÃ¨res arrive Ã  grand pas pourquoi pas lui offrir des produits naturels 
887;#bienetreautravail #bienmanger #cyrilhanouna #nabilla #bienetre #bienetrenaturel #bienetreauquotidien #cheveux #peau
888;Nous sommes le 1er traiteur Ã  proposer la Kombucha de Maxime, @tobekombucha 100% local et Ã©thique, elle est brassÃ©e Ã  Paris ! 
889;Pour ceux qui ne connaissent pas, on vous pardonne ğŸ˜‡ La Kombucha est une boisson vivante issue de la fermentation du thÃ© ! Câ€™est anti-oxydant, dÃ©tox et surtout vachement bon ! 
890;#traiteur #traiteurparis #wecater #catering #cateringevent #cateringparis #caterer #eventparis #foodparis #evenementparis #parisfood #parisfoodguide #bienmanger #mangerbon #mangerbio #bio #foodpreneur #foodspo #cocktail #yummy #pariscityguide #dansmonassiette #parisjetaime #thisisparis #foodie_focus_on #pariseats #topparis #kombuchalove #kombuchatea #kombucha
891;Des cookies pour notre goÃ»ter parfaitement Ã©quilibrÃ© ğŸ˜‹
892;
893;#bienmanger
894;#Ã©quilibre
895;#vitamines
896;#tropbon
897;O que vocÃª consome determina a energia que vocÃª libera para o mundo, determina a sua maneira de se relacionar com as pessoas e com o meio. Vigiar a maneira como nutrimos nosso espÃ­rito nÃ£o torna as coisas mais fÃ¡ceis, torna as coisas mais leves. #healthy #lifestyle #healthylifestyle #living #betruetoyourself #equilibrio #reequilibrage
898;Un des secrets..
899;528Hz
900;#432Hz #528Hz #852Hz #741Hz #soinsenergetiques #bolstibetains #sonotherapie #paris #France #healthy #frequence #soin #reequilibrage #holistique #bolschantants #singingbowls #vibe #vibrationalhealing #vibration #positivevibes #soundhealer #soundhealing #soundhealingbowls #higherawakening #higherfrequency #higherfrequencies #recentrage #serecentrer #prendresoindesoi
901;#cesoir @courtcircuit_gambetta #bienmanger #bienboire #entreamis #chiliconcarne ou #vegan pour le #vegetarien #biereartisanale #vindepetitproducteurs #abordable pour la premiÃ¨re #edition du #dinerentreamis du #jeudi @courtcircuit_gambetta Ã  toute bises
902;Brunch chaud aux pommes et au gingembre MÃ©langez le jus de pomme avec la citronnelle et l'eau dans une casserole. Laissez-le dessiner pendant 15 minutes Ã  feu doux.
903;Versez le sirop de gingembre et portez le punch Ã  Ã©bullition. Scoop la citronnelle avec une cuillÃ¨re Ã  fente de la casserole et servir le punch dans des verres rÃ©sistant Ã  la chaleur. 	https://guiderecettes.com/ 
904;#guiderecettes #recette #recettes #nourriture #cuisine #instacuisine #recettes #instacuisine #manger #mangersain #mangermieux #mangersainement #instafood #food #foodpic #foodporn#boiresansalcool #sansgluten #sanslactose #lesboissons #jusdepomme #citronnellefraÃ®che #deleau #siropdegingembre
905;Il fut un temps ou j'Ã©tais un vrai steack bourguignon a 5% de mg ğŸ˜…ğŸ¤£, mais le passÃ© c'est finis, on se concentre sur le moment present pour faire de mon futur un vegeta supersayan god.
906;salut les athlÃ¨tes .
907;J-10  n oubliÃ© pas de reserver votre place pour le boot camp qui se tiendra le 19 mai sur la plage du grand travers et tout ca dans la bonne humeur. On compte sur vous .
908;En fin de session pour ceux qui le souhaite, ptit pique nique sur la plage , cahncun apporte un ptit truc
909;. ğŸ”¹ï¸ âš ï¸ attention place limitÃ© ğŸ”¹ï¸ Reservation â¬‡ï¸ : .
910; https://ypl.me/aO2
911;.
912;Ouvert Ã  tous ğŸ™‚, partagez un max ğŸ”¥ğŸ’¥ Reseignement : en MP 
913;hbx team st jean de vedas
914;bastien , Axel , sebastien
915;
916;#basicfitfr #basicfitfrance #basicfitmontpellier #bootcamp #montpellier #fitness#neverstoplearning #basicfit  #coach #coaching #entraÃ®neur #suiviadistance #personaltrainer #coachingmontpellier #montpellier #coachmontpellier #fitgirl #motivation #prisedemasse #pertedepoids
917;#bodygoal #aesthetic #fitcouple #frenchgirl #coaching #workout #fitnessaddict #diet #pertedepoids #teamshape
918;#dietetique #trainingplan #dietplan
919;Voici la recette de notre salade de concombre Ã  la fÃªta et tomate ! Bon appÃ©tit les Bambini. ğŸ˜˜ğŸ˜‹#saladefeta â€¢
920;â€¢
921;â€¢
922;â€¢
923;#chefbambino #recette #recetteenfant #ideerecette #recettefacile #ideerepas #recettehealthy #healthy #healthyfood #mangersain #parents #enfant #famille #produitsdesaison
924;ğŸ’™ğŸ’™ TEAM BLEU ğŸ’™ğŸ’™
925;DÃ©couvrez notre Mixeur Portable Smooth'it.ğŸ¹
926;Il est lÃ©ger, compact, puissant et surtout sans-fil ğŸ˜ Il se nettoie mÃªme tout seul ! ğŸ˜±
927;.
928; ___Lien dans la bio___
929;. .
930;.
931;.
932;.
933;.
934;#smoothierecette #recettesmoothie #smoothiefrance #jusdefruit #jusdefruits #jusdefruitfrais #jusdefruitmaison #mangersain #mangersainement #cuisinesaine #smoothit #mixeur #vitamines #diÃ©tÃ©tique #soupemaison #blenderportable #mixeurportable #recetterapide #recettefacile #mieuxmanger #recettehealthy #vÃ©gÃ©tarien
935;âˆµ PRISE DE DÃ‰CISION âˆµ
936;Ã‰tant maman de deux enfants rapprochÃ©, mon corps Ã  Ã©normÃ©ment changÃ©, 10 kilos de trop sur la balance que je n'arrivais pas Ã  perdre âŒ
937;.
938;â€¢â€¢ J'ai donc pris la dÃ©cision le 20 MARS d'Ã©liminer 10 kilos et perdre Ã©normÃ©ment de CM avant l'Ã©tÃ©ğŸ¥‡ğŸ”¥
939;.
940;â–¶J'ai donc fait un rÃ©Ã©quilibrage alimentaire et augmenter mes chances en prenant des complÃ©ments alimentaire avec le nouveau pack de la gamme #BRÃ›LEGRAISSE : Body Transformation System ğŸ”¥
941;.
942;Le rÃ©sultat de ce matin est sans appel ğŸ˜­ğŸ˜ğŸ˜±
943;.
944;Je suis bientÃ´t Ã  mon objectif OMG ğŸ˜ğŸ˜ğŸ‘Š ...................
945;â•ğ‘‘ğ‘’ ğ‘Ÿğ‘’ğ‘›ğ‘ ğ‘’ğ‘–ğ‘”ğ‘›ğ‘’ğ‘šğ‘’ğ‘›ğ‘¡ğ‘  ğ‘’ğ‘› ğ‘šâ€™ğ‘’ğ‘›ğ‘£ğ‘œğ‘¦ğ‘ğ‘›ğ‘¡ ğ‘¢ğ‘› ğ‘šğ‘’ğ‘ ğ‘ ğ‘ğ‘”ğ‘’ â‡“ :
946;âœ© ğ¶ğ‘™ğ‘–ğ‘ğ‘¢ğ‘’ğ‘§ ğ‘ ğ‘¢ğ‘Ÿ ğ‘šğ‘ ğ‘ğ˜©ğ‘œğ‘¡ğ‘œ & ğ‘ ğ‘¢ğ‘Ÿ Â« ğ‘€ğ¸ğ‘†ğ‘†ğ´ğºğ¸ Â» âœ© ğ‘†ğ‘€ğ‘† : ğŸ¢ğŸ©.ğŸ¨ğŸª.ğŸªğŸ¤.ğŸ¤ğŸ¤.ğŸ¤ğŸ¦
947;...................
948;Dans ma cuisine ğŸŒ¸ğŸŒ¹ğŸŒ· â€¢ glace banane|fruits des bois â€¢ â€ (cette glace alternative est juste suave, congeler une banane la veille, le lendemain la mixer avec les fruits ou chocolat ou biscuits de votre choix et servir frais)
949;
950;#homemade #cuisinesaine #instafood #recettehealthy #instacooker #dessert #veganfood #vegetarien #cuisinealternative #foodporn #foods #organicfoods #icecream #frenchcooker #glace #pink #alimentationsaine #gourmande #gourmandise #fruitsrouges #lovecooking
951;Un peu de Skyr framboise pour le goÃ»ter
952;.
953;
954;#stabilisation 
955;#stabilisationww 
956;#wwfrance
957;#objectifbiendanssoncorps
958;#reequilibragealimentaire 
959;#pertedepoids 
960;#mangermieux 
961;#mincir 
962;#maigriravecplaisir 
963;#food
964;#motivation
965;#nerienlacher
966;#objectifbiendanssoncorps
967;Notre potion secrÃ¨te âš¡ï¸ DÃ©tox, Ã©nergisante, bruleuse de graisse... ğŸ”¥ DÃ©couvrez la dans nos formations fitness en ligne ğŸ˜
968;
969;Rendez-vous sur : https://amocoach.thinkific.com
970;
971;#superfood #fitness #musculation #healthy #health #fit #muscu #nutrition #alimentation #recettes
972;â€¢â€¢La bonne proportion des repas ğŸ¥˜ 
973;Voici une petite illustration pour savoir comment gÃ©rer les proportions des repas durant la journÃ©e ğŸ˜Š ğŸ’­ Faites-vous comme cela ? â€¢â€¢â€¢â€¢â€¢â€¢â€¢â€¢â€¢â€¢â€¢â€¢
974;#biendanssoncorps #repasequilibre #repashealthy #kilosentrop
975;Se vocÃª encontrar a pessoa que te faz  ser a sua melhor versÃ£o, case com ela. #veganfood #instasports #instafood #basicfit #basicfitmetzsablon #limite #lifestyle #gym #musculation #muscle #academia #bienestar #bienmanger #bienetre #bemestar #comer #fome #sportswear #sportmotivation #sport #metznotreville #metzmetropole #metzville #metz #lorraine #moselle #franceğŸ‡«ğŸ‡· #vegetariano #vegetarian #vegetarien
976;On mange quoi la semaine prochaine Ã  La Cantine VÃ©gÃ©tale ? 
977;Voici le menu composÃ© de pleins de bonnes choses : des galettes aux petits pois, du riz au lait de coco, une purÃ©e de pois cassÃ©s et en dessert, des muffins tout choco, du granola et des biscuits sains aux flocons d'avoine pour les petites ou grandes faims ğŸ¤—. N'oubliez pas, vous pouvez me retrouver au Fort de Tourneville samedi aprÃ¨s-midi (entrÃ©e gratuite) pour La Kerm's. Petits et grands sont les bienvenus ! 
978;#cantine #menu #veggie #vÃ©gÃ©tarien #vÃ©gÃ©talien #vegan #veganfood #homemade #faitmaison #healthy #healthyfood #organicfood #lehavre #LH
979;How about a Mother's Day gift for yourself?
980;â€
981;ğŸ’› Kickstart Your Weight Loss and Health Goals
982;ğŸ’› Feel Better In Your Skin
983;ğŸ’› End Cravings
984;ğŸ’› Discover The Energy Youâ€™ve Been Missing
985;ğŸ’› Start Feeling Like Yourself Again
986;â€
987;As a mom, you give to everyone and everything before giving to yourself. I want to give to YOU.
988;â€
989;Treat yourself to my 14-Day BODY RESET this Mother's Day and receive TWO 30-minute coaching calls FREE (a $90 value!)
990;â€
991;Yes, I am giving away BONUSES that cost more than the program itself! ğŸ’›
992;â€
993;Bonus Offer ends Monday May 13th.
994;â€
995;Ready to start feeling like yourself again?  http://bit.ly/2vHOY8W
996;Ne vous faite pas avoir avec les packagings!!!! By @viet_man
997;ğŸ’¥Mais dis-moi..., tu attends quoi???ğŸ’¥ Je tâ€™offre un tout inclus, une clÃ© en main, un tout cuit dans le bec!
998;Tout ce dont tu as besoin, câ€™est de vouloir que Ã§a change.
999;Aussi simple!!! Tu as encore la possibilitÃ© de te joindre Ã  moi, tout comme les femmes qui ce sont dÃ©jÃ  dites oui.
1000;
1001;Allez, cesse de me lire en cachette, dâ€™espÃ©rer et fait enfin le bon choix!
1002;-10 kg de perdus en 4 mois ! @joe_24fit ğŸ¤œğŸ¤›ğŸ‘
1003;Comment en est-il arrivÃ© lÃ  ?
1004;-> meilleur nutrition -> meilleur hydratation
1005;Tu veux en savoir plus ?
1006;Ã‰cris moi ! ğŸ“²
1007;CAKE FRAMBOISES-MYRTILLES â¤ï¸
1008;.
1009;J'adore acheter des framboises et des myrtilles fraÃ®ches, notamment pour les petits dÃ©jeuners ou pour les goÃ»ters.
1010;.
1011;Cette semaine, j'ai dÃ©cidÃ© de tenter le cake framboises-myrtilles, pour changer. Une tuerie ! Je valide Ã  fond les ballons !
1012;.
1013;Douce journÃ©e !
1014;.
1015;#health #healthy #healthyfood #healthylife #healthylifestyle #eatclean #mangermieux #mangerbien #food #mangersainement #mangersain #healthymood #regime #regimeuse #eat #eatclean #reequilibragealimentaire #sport #fit #fitfam #instafood #instaphoto #fitgirl #mincir #cake #gateau #gouter #dessert #cakeframboisesmyrtilles #gourmandise
1016;Bonjour,
1017;CitÃ© U Triolet ouvert jusqu'Ã  19h15 ğŸ˜Š
1018;#bio #bienmanger #bonplan #citÃ©u #Ã©tudiants #Ã©cologie #ecoresponsable #environnement #fruits #fruitsetlegumesdesaison #locale #lÃ©gumes #marchÃ©bio #paulva #univpaulvalery #umontpellier #petitprix #universitÃ© #Montpellier #healthy #santÃ© #greenlife #veggies #organics #essentialoils #huilesessentielles #biologique #miam #students
